A,S,J,O,AS,R
0,0,0,0,762.0,0
0,0,0,0,762.0,0
0,0,0,0,762.0,0
0,0,0,0,762.0,0
0,0,0,0,762.0,0
0,0,0,0,762.0,0
0,0,0,0,762.0,0
0,0,0,0,762.0,0
0,0,0,0,762.0,0
0,0,0,0,762.0,0
0,0,0,0,762.0,0
0,0,0,0,762.0,0
0,0,0,0,762.0,0
0,0,0,0,762.0,0
0,1,0,0,762.0,0
0,0,0,0,762.0,0
0,0,0,0,762.0,0
0,0,0,0,762.0,0
0,0,0,0,762.0,0
0,0,0,0,762.0,0
0,0,0,0,762.0,0
0,0,0,0,762.0,0
0,0,0,0,762.0,0
0,0,0,0,762.0,0
0,0,0,0,762.0,0
0,0,0,0,762.0,0
0,0,0,0,762.0,0
0,0,0,0,762.0,0
0,0,0,0,762.0,0
0,0,0,0,762.0,0
0,0,0,0,762.0,0
0,0,0,0,762.0,0
0,0,0,0,762.0,0
0,0,0,0,762.0,0
0,0,0,0,762.0,0
0,0,0,0,762.0,0
0,0,0,0,762.0,0
0,0,0,0,762.0,0
0,0,0,0,762.0,0
0,0,0,0,762.0,0
0,0,0,0,762.0,0
0,0,0,0,762.0,0
0,0,0,0,762.0,0
0,0,0,0,762.0,0
0,0,0,0,762.0,0
0,0,0,0,762.0,0
0,0,0,0,762.0,0
0,0,0,0,762.0,0
0,0,0,0,762.0,0
0,0,0,0,762.0,0
0,0,0,0,762.0,0
0,0,0,0,762.0,0
0,1,0,0,762.0,0
0,0,0,0,762.0,0
0,0,0,0,762.0,0
0,0,0,0,762.0,0
0,0,0,0,762.0,0
0,0,0,0,762.0,0
0,0,0,0,762.0,0
0,0,0,0,762.0,0
0,0,0,0,762.0,0
0,0,0,0,762.0,0
0,0,0,0,762.0,0
0,0,0,0,762.0,0
0,0,0,0,762.0,0
0,0,0,0,762.0,0
0,0,0,0,762.0,0
1,0,0,0,762.0,0
0,0,0,0,762.0,0
0,0,0,0,762.0,0
0,0,0,0,762.0,0
0,0,0,0,762.0,0
0,0,0,0,762.0,0
0,0,0,0,762.0,0
0,1,0,0,762.0,0
0,0,0,0,762.0,0
0,0,0,0,762.0,0
0,0,0,0,762.0,0
0,0,0,0,762.0,0
0,0,0,0,762.0,0
0,0,0,0,762.0,0
0,0,0,0,762.0,0
0,0,0,0,762.0,0
0,0,0,0,762.0,0
0,0,0,0,762.0,0
0,0,0,0,762.0,0
0,0,0,0,762.0,0
0,0,0,0,762.0,0
0,0,0,0,762.0,0
0,0,0,0,762.0,0
0,0,0,0,762.0,0
0,0,0,0,762.0,0
0,0,0,0,762.0,0
0,0,0,0,762.0,0
0,0,0,0,762.0,0
0,0,0,0,762.0,0
0,0,0,0,762.0,0
0,0,0,0,762.0,0
0,0,0,0,762.0,0
0,0,0,0,762.0,0
0,0,0,0,762.0,0
0,0,0,0,762.0,0
0,0,0,0,762.0,0
0,0,0,0,762.0,0
0,0,0,0,762.0,0
0,0,0,0,762.0,0
0,0,0,0,762.0,0
0,0,0,0,762.0,0
0,0,0,0,762.0,0
0,0,0,0,762.0,0
0,0,0,0,762.0,0
0,0,0,0,762.0,0
0,0,0,0,762.0,0
0,0,0,0,762.0,0
0,0,0,0,762.0,0
0,0,0,0,762.0,0
0,0,0,0,762.0,0
0,0,0,0,762.0,0
0,0,0,0,762.0,0
0,0,0,0,762.0,0
0,0,0,0,762.0,0
0,0,1,0,762.0,0
0,0,0,0,762.0,0
0,0,0,0,762.0,0
0,0,1,0,762.0,0
0,0,0,0,762.0,0
0,0,0,0,762.0,0
0,0,0,0,762.0,0
0,0,0,0,762.0,0
0,0,0,0,762.0,0
0,0,0,0,762.0,0
0,0,0,0,762.0,0
0,0,0,0,762.0,0
0,0,0,0,762.0,0
0,0,0,0,762.0,0
0,0,0,0,762.0,0
0,0,0,0,762.0,0
0,0,0,0,762.0,0
1,1,0,1,724.0,1
0,0,0,0,762.0,0
0,0,0,0,762.0,0
0,0,0,0,762.0,0
0,0,0,0,762.0,0
0,0,0,0,762.0,0
0,0,0,0,762.0,0
0,0,0,0,762.0,0
0,0,0,0,762.0,0
0,0,0,0,762.0,0
0,0,0,0,762.0,0
0,0,0,0,762.0,0
0,0,0,0,762.0,0
0,0,0,0,762.0,0
0,0,0,0,762.0,0
0,0,0,0,762.0,0
0,0,0,0,762.0,0
0,0,0,0,762.0,0
0,1,0,0,762.0,0
0,0,0,0,762.0,0
0,0,0,0,762.0,0
0,0,0,0,762.0,0
0,0,0,0,762.0,0
0,0,0,0,762.0,0
1,1,1,1,724.0,1
0,0,0,0,762.0,0
0,0,0,0,762.0,0
0,0,0,0,762.0,0
0,0,0,0,762.0,0
0,0,0,0,762.0,0
0,0,0,0,762.0,0
0,0,0,0,762.0,0
0,0,0,0,762.0,0
0,0,1,0,762.0,0
0,0,0,0,762.0,0
0,0,0,0,762.0,0
0,0,0,0,762.0,0
0,0,0,0,762.0,0
0,0,0,0,762.0,0
0,0,0,0,762.0,0
0,0,0,0,762.0,0
0,0,0,0,762.0,0
0,0,0,0,762.0,0
0,0,0,0,762.0,0
0,0,0,0,762.0,0
0,0,0,0,762.0,0
1,1,0,0,734.0,1
0,0,0,0,762.0,0
0,0,0,0,762.0,0
0,0,0,0,762.0,0
0,0,0,0,762.0,0
0,0,0,0,762.0,0
0,0,1,0,762.0,0
0,0,0,0,762.0,0
0,0,0,0,762.0,0
0,0,0,0,762.0,0
0,0,0,0,762.0,0
0,0,0,0,762.0,0
0,0,0,0,762.0,0
0,0,0,0,762.0,0
0,0,1,0,762.0,0
0,0,0,0,762.0,0
0,0,0,0,762.0,0
0,0,0,0,762.0,0
0,0,0,0,762.0,0
0,0,1,0,762.0,0
0,0,0,0,762.0,0
0,0,0,0,762.0,0
0,0,0,0,762.0,0
0,0,0,0,762.0,0
0,0,0,0,762.0,0
0,0,0,0,762.0,0
0,0,0,0,762.0,0
0,0,0,0,762.0,0
0,0,0,0,762.0,0
0,0,0,0,762.0,0
0,0,0,0,762.0,0
0,0,0,0,762.0,0
0,0,0,0,762.0,0
0,0,0,0,762.0,0
0,0,0,0,762.0,0
0,0,0,0,762.0,0
0,0,0,0,762.0,0
0,0,0,0,762.0,0
0,0,0,0,762.0,0
0,0,0,0,762.0,0
0,0,0,0,762.0,0
0,0,0,0,762.0,0
0,0,0,0,762.0,0
0,0,0,0,762.0,0
0,0,0,0,762.0,0
0,0,0,0,762.0,0
0,0,0,0,762.0,0
0,0,0,0,762.0,0
0,0,1,0,762.0,0
0,0,1,0,762.0,0
0,0,0,0,762.0,0
0,0,0,0,762.0,0
0,0,0,0,762.0,0
0,0,0,0,762.0,0
0,0,0,0,762.0,0
0,0,0,0,762.0,0
0,0,0,0,762.0,0
0,0,0,0,762.0,0
0,0,0,0,762.0,0
0,1,0,0,762.0,0
0,0,0,0,762.0,0
0,0,0,0,762.0,0
0,0,0,0,762.0,0
0,0,0,0,762.0,0
0,0,0,0,762.0,0
1,1,0,1,726.0,1
0,0,0,0,762.0,0
0,0,0,0,762.0,0
0,0,0,0,762.0,0
0,0,0,0,762.0,0
1,1,0,1,762.0,1
0,0,0,0,762.0,0
0,0,0,0,762.0,0
0,0,0,0,762.0,0
0,0,0,0,762.0,0
0,0,0,0,762.0,0
0,0,1,0,762.0,0
0,0,0,0,762.0,0
0,0,0,0,762.0,0
0,0,0,0,762.0,0
0,0,0,0,762.0,0
0,0,0,0,762.0,0
0,0,0,0,762.0,0
0,0,0,0,762.0,0
0,0,0,0,762.0,0
1,1,1,1,762.0,1
0,0,0,0,762.0,0
0,0,0,0,762.0,0
0,0,0,0,762.0,0
0,0,0,0,762.0,0
0,0,0,0,762.0,0
0,0,0,0,762.0,0
0,0,0,0,762.0,0
0,0,0,0,762.0,0
0,0,0,0,762.0,0
0,0,0,0,762.0,0
0,0,0,0,762.0,0
0,0,0,0,762.0,0
0,0,0,0,762.0,0
0,0,0,0,762.0,0
0,0,0,0,762.0,0
0,0,0,0,762.0,0
0,0,0,0,762.0,0
0,0,0,0,762.0,0
0,0,0,0,762.0,0
0,0,0,0,762.0,0
0,0,0,0,762.0,0
0,0,0,0,762.0,0
0,0,0,0,762.0,0
0,0,0,0,762.0,0
0,0,0,0,762.0,0
0,0,0,0,762.0,0
0,0,0,0,762.0,0
0,0,0,0,762.0,0
0,0,0,0,762.0,0
0,0,0,0,762.0,0
0,0,0,0,762.0,0
0,0,0,0,762.0,0
0,0,0,0,762.0,0
0,0,0,0,762.0,0
0,0,0,0,762.0,0
0,0,0,0,762.0,0
0,0,0,0,762.0,0
0,0,0,0,762.0,0
0,0,0,0,762.0,0
0,0,0,0,762.0,0
0,0,0,0,762.0,0
0,1,0,0,762.0,0
0,0,0,0,762.0,0
0,0,0,0,762.0,0
0,0,0,0,762.0,0
0,0,0,0,762.0,0
0,0,0,0,762.0,0
0,0,0,0,762.0,0
0,0,0,0,762.0,0
0,0,0,0,762.0,0
0,0,0,0,762.0,0
0,0,0,0,762.0,0
0,0,0,0,762.0,0
0,0,0,0,762.0,0
0,0,0,0,762.0,0
0,0,0,0,762.0,0
0,0,0,0,762.0,0
0,0,0,0,762.0,0
0,0,0,0,762.0,0
0,0,0,0,762.0,0
0,0,0,0,762.0,0
0,0,0,0,762.0,0
0,0,1,0,762.0,0
0,0,0,0,762.0,0
0,0,0,0,762.0,0
0,0,0,0,762.0,0
0,0,0,0,762.0,0
0,0,0,0,762.0,0
0,0,0,0,762.0,0
0,0,0,0,762.0,0
0,0,0,0,762.0,0
0,0,0,0,762.0,0
0,1,1,0,682.0,1
0,0,0,0,762.0,0
0,0,0,0,762.0,0
0,0,0,0,762.0,0
0,0,0,0,762.0,0
0,0,0,0,762.0,0
0,0,0,0,762.0,0
0,0,0,0,762.0,0
0,0,0,0,762.0,0
0,0,0,0,762.0,0
0,0,0,0,762.0,0
0,0,0,0,762.0,0
0,1,0,0,762.0,0
0,0,0,0,762.0,0
0,0,1,0,762.0,0
0,0,0,0,762.0,0
0,0,0,0,762.0,0
0,0,0,0,762.0,0
0,0,0,0,762.0,0
0,0,0,0,762.0,0
0,0,0,0,762.0,0
0,1,0,1,726.0,1
0,0,0,0,762.0,0
0,0,0,0,762.0,0
0,0,0,0,762.0,0
0,0,0,0,762.0,0
0,0,0,0,762.0,0
0,0,0,0,762.0,0
0,0,0,0,762.0,0
0,0,0,0,762.0,0
0,0,0,0,762.0,0
0,0,0,0,762.0,0
0,0,0,0,762.0,0
0,0,0,0,762.0,0
0,0,0,0,762.0,0
0,0,1,0,762.0,0
0,0,0,0,762.0,0
0,0,0,0,762.0,0
0,0,0,0,762.0,0
0,0,0,0,762.0,0
0,0,0,0,762.0,0
0,0,0,0,762.0,0
0,0,1,0,762.0,0
0,0,0,0,762.0,0
0,0,0,0,762.0,0
0,0,0,0,762.0,0
0,0,0,0,762.0,0
0,0,0,0,762.0,0
0,0,1,0,762.0,0
0,0,0,0,762.0,0
0,0,0,0,762.0,0
0,0,0,0,762.0,0
0,0,0,0,762.0,0
0,0,0,0,762.0,0
0,0,0,0,762.0,0
0,0,0,0,762.0,0
0,0,0,0,762.0,0
1,1,1,1,762.0,1
0,0,0,0,762.0,0
0,0,0,0,762.0,0
0,0,0,0,762.0,0
0,0,0,0,762.0,0
0,1,0,0,762.0,0
0,0,0,0,762.0,0
0,0,0,0,762.0,0
0,0,0,0,762.0,0
0,0,0,0,762.0,0
0,0,0,0,762.0,0
0,0,0,0,762.0,0
0,0,0,0,762.0,0
0,0,0,0,762.0,0
0,0,0,0,762.0,0
0,0,0,0,762.0,0
0,1,0,0,762.0,0
0,0,0,0,762.0,0
1,0,0,0,762.0,1
0,0,0,0,762.0,0
0,0,0,0,762.0,0
0,0,0,0,762.0,0
0,0,0,0,762.0,0
0,0,0,0,762.0,0
0,0,0,0,762.0,0
0,1,0,0,760.0,1
0,0,0,0,762.0,0
0,0,0,0,762.0,0
0,0,0,0,762.0,0
0,0,0,0,762.0,0
0,0,0,0,762.0,0
0,0,0,0,762.0,0
0,0,0,0,762.0,0
0,0,0,0,762.0,0
0,0,1,0,762.0,0
0,0,0,0,762.0,0
0,0,0,0,762.0,0
0,0,0,0,762.0,0
0,0,0,0,762.0,0
0,0,0,0,762.0,0
0,0,0,0,762.0,0
0,0,0,0,762.0,0
0,0,0,0,762.0,0
0,0,0,0,762.0,0
0,0,0,0,762.0,0
0,0,1,0,762.0,0
0,0,0,0,762.0,0
0,0,0,0,762.0,0
0,0,0,0,762.0,0
0,0,0,0,762.0,0
0,0,0,0,762.0,0
0,0,0,0,762.0,0
0,0,0,0,762.0,0
0,0,0,0,762.0,0
0,0,0,0,762.0,0
0,0,0,0,762.0,0
0,0,0,0,762.0,0
0,0,0,0,762.0,0
0,0,0,0,762.0,0
0,0,0,0,762.0,0
1,1,0,0,726.0,1
0,0,0,0,762.0,0
0,1,1,1,686.0,1
0,0,0,0,762.0,0
0,0,0,0,762.0,0
0,0,0,0,762.0,0
0,0,0,0,762.0,0
0,0,0,0,762.0,0
0,0,0,0,762.0,0
0,0,0,0,762.0,0
0,0,0,0,762.0,0
0,0,0,0,762.0,0
0,0,0,0,762.0,0
0,0,0,0,762.0,0
0,0,0,0,762.0,0
0,0,0,0,762.0,0
0,0,0,0,762.0,0
0,0,0,0,762.0,0
0,1,0,0,762.0,0
0,0,1,0,762.0,0
0,0,0,0,762.0,0
0,0,0,0,762.0,0
0,0,0,0,762.0,0
0,0,0,0,762.0,0
0,0,0,0,762.0,0
0,0,0,0,762.0,0
0,0,1,0,762.0,0
0,0,0,0,762.0,0
0,0,0,0,762.0,0
0,0,0,0,762.0,0
0,0,0,0,762.0,0
0,0,1,0,762.0,0
0,0,0,0,762.0,0
0,0,0,0,762.0,0
0,0,0,0,762.0,0
0,0,0,0,762.0,0
0,0,0,0,762.0,0
0,0,0,0,762.0,0
0,0,0,0,762.0,0
1,1,0,1,762.0,1
0,0,0,0,762.0,0
0,0,0,0,762.0,0
0,0,0,0,762.0,0
0,0,0,0,762.0,0
0,0,0,0,762.0,0
0,0,0,0,762.0,0
0,0,0,0,762.0,0
0,0,0,0,762.0,0
0,0,0,0,762.0,0
0,0,0,0,762.0,0
0,0,0,0,762.0,0
0,0,0,0,762.0,0
0,0,0,0,762.0,0
0,0,0,0,762.0,0
0,0,0,0,762.0,0
0,0,0,0,762.0,0
0,0,0,0,762.0,0
0,0,0,0,762.0,0
0,0,0,0,762.0,0
0,0,0,0,762.0,0
0,0,0,0,762.0,0
0,0,0,0,762.0,0
0,0,0,0,762.0,0
0,0,0,0,762.0,0
0,0,0,0,762.0,0
0,0,0,0,762.0,0
0,0,0,0,762.0,0
0,0,0,0,762.0,0
0,0,0,0,762.0,0
0,0,0,0,762.0,0
0,0,0,0,762.0,0
0,0,0,0,762.0,0
0,0,0,0,762.0,0
0,0,0,0,762.0,0
0,0,0,0,762.0,0
0,0,0,0,762.0,0
1,1,0,1,762.0,1
0,0,0,0,762.0,0
0,0,0,0,762.0,0
0,0,0,0,762.0,0
0,0,0,0,762.0,0
0,0,0,0,762.0,0
0,0,0,0,762.0,0
0,0,0,0,762.0,0
0,0,0,0,762.0,0
0,0,0,0,762.0,0
0,0,0,0,762.0,0
0,0,0,0,762.0,0
0,0,0,0,762.0,0
0,0,0,0,762.0,0
1,0,0,0,762.0,0
0,0,0,0,762.0,0
0,0,0,0,762.0,0
0,0,0,0,762.0,0
0,1,0,0,762.0,0
0,0,0,0,762.0,0
1,1,1,1,744.0,1
0,0,1,0,762.0,0
0,0,0,0,762.0,0
0,0,0,0,762.0,0
0,0,0,0,762.0,0
0,0,0,0,762.0,0
0,0,0,0,762.0,0
0,0,0,0,762.0,0
0,0,0,0,762.0,0
0,0,0,0,762.0,0
0,0,0,0,762.0,0
0,0,0,0,762.0,0
0,0,0,0,762.0,0
0,0,0,0,762.0,0
0,0,1,0,762.0,0
0,0,0,0,762.0,0
0,0,0,0,762.0,0
0,0,0,0,762.0,0
0,0,0,0,762.0,0
1,0,0,0,762.0,0
0,0,0,0,762.0,0
0,0,0,0,762.0,0
0,0,0,0,762.0,0
0,0,0,0,762.0,0
0,0,0,0,762.0,0
0,0,0,0,762.0,0
0,0,0,0,762.0,0
0,0,0,0,762.0,0
0,0,0,0,762.0,0
0,1,0,1,726.0,1
0,0,0,0,762.0,0
0,0,0,0,762.0,0
0,0,0,0,762.0,0
0,0,0,0,762.0,0
0,0,1,0,762.0,0
0,0,1,0,762.0,0
0,0,0,0,762.0,0
0,0,0,0,762.0,0
0,0,1,0,762.0,0
1,0,1,0,762.0,0
0,0,0,0,762.0,0
0,0,0,0,762.0,0
0,0,0,0,762.0,0
0,0,0,0,762.0,0
0,0,0,0,762.0,0
0,0,0,0,762.0,0
0,0,0,0,762.0,0
0,0,0,0,762.0,0
0,0,0,0,762.0,0
0,0,0,0,762.0,0
0,0,1,0,762.0,0
0,0,1,0,762.0,0
0,0,0,0,762.0,0
0,0,0,0,762.0,0
0,0,0,0,762.0,0
0,0,0,0,762.0,0
0,0,0,0,762.0,0
0,0,0,0,762.0,0
0,0,0,0,762.0,0
0,0,0,0,762.0,0
0,0,0,0,762.0,0
0,0,0,0,762.0,0
0,0,0,0,762.0,0
0,0,0,0,762.0,0
0,0,0,0,762.0,0
0,0,0,0,762.0,0
0,0,0,0,762.0,0
0,0,0,0,762.0,0
0,0,0,0,762.0,0
0,0,0,0,762.0,0
0,0,0,0,762.0,0
0,0,0,0,762.0,0
0,0,0,0,762.0,0
0,0,0,0,762.0,0
0,0,0,0,762.0,0
0,0,0,0,762.0,0
0,0,0,0,762.0,0
0,0,0,0,762.0,0
0,0,0,0,762.0,0
0,0,0,0,762.0,0
0,0,1,0,762.0,0
0,0,1,0,762.0,0
0,0,0,0,762.0,0
0,0,1,0,762.0,0
0,0,0,0,762.0,0
0,0,0,0,762.0,0
0,0,0,0,762.0,0
0,0,0,0,762.0,0
0,0,0,0,762.0,0
0,0,0,0,762.0,0
0,0,0,0,762.0,0
0,0,0,0,762.0,0
0,0,0,0,762.0,0
0,0,0,0,762.0,0
0,0,0,0,762.0,0
0,0,0,0,762.0,0
0,0,0,0,762.0,0
0,0,0,0,762.0,0
0,0,0,0,762.0,0
0,0,0,0,762.0,0
0,0,0,0,762.0,0
0,0,0,0,762.0,0
0,0,0,0,762.0,0
0,0,0,0,762.0,0
0,0,0,0,762.0,0
0,0,0,0,762.0,0
0,0,0,0,762.0,0
0,0,0,0,762.0,0
0,0,0,0,762.0,0
0,0,0,0,762.0,0
0,0,0,0,762.0,0
0,0,0,0,762.0,0
0,0,0,0,762.0,0
0,0,0,0,762.0,0
0,0,0,0,762.0,0
0,0,0,0,762.0,0
0,0,0,0,762.0,0
0,0,0,0,762.0,0
0,0,0,0,762.0,0
0,0,0,0,762.0,0
0,0,0,0,762.0,0
0,0,0,0,762.0,0
0,0,0,0,762.0,0
0,0,0,0,762.0,0
0,0,0,0,762.0,0
0,0,0,0,762.0,0
0,0,0,0,762.0,0
0,0,0,0,762.0,0
0,0,0,0,762.0,0
0,0,0,0,762.0,0
1,1,1,1,748.0,1
0,0,0,0,762.0,0
0,0,0,0,762.0,0
0,0,0,0,762.0,0
0,0,0,0,762.0,0
0,0,0,0,762.0,0
0,0,0,0,762.0,0
0,0,0,0,762.0,0
0,0,0,0,762.0,0
0,0,0,0,762.0,0
0,0,0,0,762.0,0
0,0,0,0,762.0,0
0,0,0,0,762.0,0
0,0,0,0,762.0,0
0,0,1,0,762.0,0
0,0,0,0,762.0,0
0,0,0,0,762.0,0
0,0,0,0,762.0,0
0,0,0,0,762.0,0
0,0,0,0,762.0,0
0,0,0,0,762.0,0
0,0,0,0,762.0,0
0,0,0,0,762.0,0
0,0,0,0,762.0,0
0,0,0,0,762.0,0
0,0,0,0,762.0,0
0,0,0,0,762.0,0
0,0,0,0,762.0,0
0,0,0,0,762.0,0
0,0,0,0,762.0,0
0,0,0,0,762.0,0
0,0,0,0,762.0,0
0,0,0,0,762.0,0
0,0,0,0,762.0,0
0,0,0,0,762.0,0
0,0,0,0,762.0,0
0,0,0,0,762.0,0
0,0,0,0,762.0,0
1,0,0,0,762.0,0
0,0,0,0,762.0,0
0,0,0,0,762.0,0
0,0,0,0,762.0,0
0,0,0,0,762.0,0
0,0,0,0,762.0,0
0,0,0,0,762.0,0
0,0,0,0,762.0,0
0,0,0,0,762.0,0
0,0,0,0,762.0,0
0,0,0,0,762.0,0
0,0,0,0,762.0,0
0,0,0,0,762.0,0
0,0,0,0,762.0,0
0,0,0,0,762.0,0
0,0,0,0,762.0,0
0,0,0,0,762.0,0
0,0,0,0,762.0,0
0,0,0,0,762.0,0
0,0,0,0,762.0,0
0,0,0,0,762.0,0
0,0,0,0,762.0,0
0,0,0,0,762.0,0
0,0,0,0,762.0,0
0,0,0,0,762.0,0
0,0,0,0,762.0,0
0,0,0,0,762.0,0
0,0,0,0,762.0,0
0,1,0,0,762.0,0
0,0,0,0,762.0,0
0,0,0,0,762.0,0
0,0,0,0,762.0,0
0,0,1,0,762.0,0
0,0,0,0,762.0,0
0,0,0,0,762.0,0
0,0,0,0,762.0,0
0,0,0,0,762.0,0
0,0,1,0,762.0,0
0,0,0,0,762.0,0
0,0,1,0,762.0,0
0,0,0,0,762.0,0
0,0,0,0,762.0,0
0,0,0,0,762.0,0
0,0,0,0,762.0,0
0,0,0,0,762.0,0
0,0,0,0,762.0,0
0,0,0,0,762.0,0
0,0,0,0,762.0,0
0,0,0,0,762.0,0
0,0,0,0,762.0,0
0,0,0,0,762.0,0
0,0,0,0,762.0,0
0,0,0,0,762.0,0
0,0,0,0,762.0,0
0,0,0,0,762.0,0
0,0,0,0,762.0,0
0,0,0,0,762.0,0
0,0,0,0,762.0,0
0,0,0,0,762.0,0
0,0,0,0,762.0,0
0,0,0,0,762.0,0
0,0,0,0,762.0,0
0,0,0,0,762.0,0
0,0,0,0,762.0,0
0,0,0,0,762.0,0
0,0,0,0,762.0,0
0,0,0,0,762.0,0
0,0,0,0,762.0,0
0,0,0,0,762.0,0
0,0,0,0,762.0,0
0,0,0,0,762.0,0
0,0,0,0,762.0,0
0,0,0,0,762.0,0
0,0,0,0,762.0,0
0,0,0,0,762.0,0
0,0,0,0,762.0,0
0,0,0,0,762.0,0
0,0,0,0,762.0,0
0,0,0,0,762.0,0
0,0,0,0,762.0,0
0,0,0,0,762.0,0
0,0,0,0,762.0,0
0,0,0,0,762.0,0
0,0,0,0,762.0,0
0,0,0,0,762.0,0
0,0,0,0,762.0,0
0,0,0,0,762.0,0
0,0,0,0,762.0,0
0,0,0,0,762.0,0
0,0,0,0,762.0,0
0,0,1,0,762.0,0
0,0,0,0,762.0,0
0,0,0,0,762.0,0
0,0,0,0,762.0,0
0,0,0,0,762.0,0
0,0,0,0,762.0,0
0,0,0,0,762.0,0
0,0,0,0,762.0,0
0,0,0,0,762.0,0
0,0,0,0,762.0,0
0,0,0,0,762.0,0
0,0,0,0,762.0,0
0,0,0,0,762.0,0
0,0,0,0,762.0,0
0,0,0,0,762.0,0
0,0,0,0,762.0,0
0,0,0,0,762.0,0
0,0,0,0,762.0,0
0,0,0,0,762.0,0
0,0,0,0,762.0,0
0,0,0,0,762.0,0
0,0,0,0,762.0,0
0,0,0,0,762.0,0
0,0,0,0,762.0,0
0,0,0,0,762.0,0
0,0,0,0,762.0,0
0,0,0,0,762.0,0
0,0,0,0,762.0,0
0,0,0,0,762.0,0
0,0,0,0,762.0,0
0,0,0,0,762.0,0
0,0,0,0,762.0,0
0,0,0,0,762.0,0
0,0,0,0,762.0,0
0,0,0,0,762.0,0
0,0,0,0,762.0,0
0,0,0,0,762.0,0
0,0,0,0,762.0,0
0,0,0,0,762.0,0
0,0,0,0,762.0,0
0,0,0,0,762.0,0
0,0,0,0,762.0,0
0,0,0,0,762.0,0
0,0,0,0,762.0,0
0,0,0,0,762.0,0
0,0,0,0,762.0,0
0,0,0,0,762.0,0
0,0,0,0,762.0,0
0,0,0,0,762.0,0
0,0,0,0,762.0,0
0,0,0,0,762.0,0
0,0,0,0,762.0,0
0,0,0,0,762.0,0
0,0,0,0,762.0,0
0,0,0,0,762.0,0
0,0,0,0,762.0,0
0,0,0,0,762.0,0
0,0,0,0,762.0,0
0,0,0,0,762.0,0
0,0,0,0,762.0,0
0,0,0,0,762.0,0
0,0,0,0,762.0,0
0,0,0,0,762.0,0
0,0,0,0,762.0,0
0,0,0,0,762.0,0
0,0,0,0,762.0,0
0,0,0,0,762.0,0
0,0,0,0,762.0,0
0,0,0,0,762.0,0
0,0,0,0,762.0,0
0,0,0,0,762.0,0
0,0,0,0,762.0,0
0,0,0,0,762.0,0
0,0,0,0,762.0,0
0,0,0,0,762.0,0
0,0,0,0,762.0,0
0,0,0,0,762.0,0
0,0,0,0,762.0,0
0,0,0,0,762.0,0
0,0,0,0,762.0,0
0,0,0,0,762.0,0
0,0,0,0,762.0,0
0,0,1,0,762.0,0
0,0,0,0,762.0,0
0,0,1,0,762.0,0
0,0,1,0,762.0,0
0,0,1,0,762.0,0
0,0,0,0,762.0,0
1,1,1,1,744.0,1
0,0,0,0,762.0,0
0,0,0,0,762.0,0
0,0,0,0,762.0,0
1,1,1,1,762.0,1
0,0,0,0,762.0,0
0,0,0,0,762.0,0
0,0,0,0,762.0,0
0,0,0,0,762.0,0
0,0,0,0,762.0,0
0,0,0,0,762.0,0
0,0,0,0,762.0,0
0,0,0,0,762.0,0
0,0,1,0,762.0,0
0,0,0,0,762.0,0
0,0,0,0,762.0,0
0,0,0,0,762.0,0
0,0,0,0,762.0,0
0,0,0,0,762.0,0
0,0,0,0,762.0,0
0,0,0,0,762.0,0
0,0,0,0,762.0,0
0,0,0,0,762.0,0
0,0,0,0,762.0,0
0,0,0,0,762.0,0
0,0,1,0,762.0,0
0,0,0,0,762.0,0
0,0,0,0,762.0,0
0,0,0,0,762.0,0
0,0,1,0,762.0,0
0,0,1,0,762.0,0
0,0,0,0,762.0,0
0,0,0,0,762.0,0
0,0,0,0,762.0,0
0,0,0,0,762.0,0
0,0,1,0,762.0,0
0,0,0,0,762.0,0
0,0,0,0,762.0,0
0,0,0,0,762.0,0
0,0,0,0,762.0,0
0,0,0,0,762.0,0
0,0,0,0,762.0,0
1,1,0,1,646.0,1
0,0,0,0,762.0,0
0,0,0,0,762.0,0
0,0,0,0,762.0,0
1,0,1,0,740.0,1
0,0,0,0,762.0,0
0,0,0,0,762.0,0
0,0,0,0,762.0,0
0,0,0,0,762.0,0
0,0,0,0,762.0,0
0,0,0,0,762.0,0
0,0,0,0,762.0,0
0,0,0,0,762.0,0
0,0,0,0,762.0,0
0,0,0,0,762.0,0
0,0,0,0,762.0,0
0,0,0,0,762.0,0
0,0,0,0,762.0,0
0,0,0,0,762.0,0
0,0,0,0,762.0,0
0,0,0,0,762.0,0
0,0,0,0,762.0,0
0,0,0,0,762.0,0
0,0,0,0,762.0,0
0,0,0,0,762.0,0
0,0,0,0,762.0,0
0,0,0,0,762.0,0
0,0,0,0,762.0,0
0,0,0,0,762.0,0
0,0,0,0,762.0,0
0,0,0,0,762.0,0
0,0,0,0,762.0,0
0,0,0,0,762.0,0
0,0,0,0,762.0,0
0,0,0,0,762.0,0
0,0,0,0,762.0,0
0,0,0,0,762.0,0
0,0,0,0,762.0,0
0,0,0,0,762.0,0
0,0,0,0,762.0,0
0,0,0,0,762.0,0
0,0,0,0,762.0,0
0,0,0,0,762.0,0
0,0,0,0,762.0,0
0,0,0,0,762.0,0
0,0,0,0,762.0,0
0,0,0,0,762.0,0
0,0,0,0,762.0,0
0,0,0,0,762.0,0
0,0,0,0,762.0,0
0,0,0,0,762.0,0
0,0,0,0,762.0,0
0,0,0,0,762.0,0
0,0,0,0,762.0,0
0,0,0,0,762.0,0
0,0,0,0,762.0,0
0,0,0,0,762.0,0
0,0,0,0,762.0,0
0,0,0,0,762.0,0
0,0,0,0,762.0,0
1,0,0,0,762.0,0
0,0,0,0,762.0,0
0,0,0,0,762.0,0
0,0,0,0,762.0,0
0,0,0,0,762.0,0
0,0,0,0,762.0,0
0,0,0,0,762.0,0
0,0,0,0,762.0,0
0,0,0,0,762.0,0
0,0,0,0,762.0,0
0,0,0,0,762.0,0
0,0,0,0,762.0,0
0,0,0,0,762.0,0
0,0,0,0,762.0,0
0,0,0,0,762.0,0
0,0,0,0,762.0,0
0,0,0,0,762.0,0
0,0,0,0,762.0,0
0,0,0,0,762.0,0
0,0,0,0,762.0,0
0,0,0,0,762.0,0
0,0,0,0,762.0,0
0,0,0,0,762.0,0
0,0,0,0,762.0,0
0,0,0,0,762.0,0
0,0,0,0,762.0,0
0,0,0,0,762.0,0
0,0,0,0,762.0,0
0,0,0,0,762.0,0
0,0,0,0,762.0,0
0,0,0,0,762.0,0
0,0,0,0,762.0,0
0,0,0,0,762.0,0
0,0,0,0,762.0,0
0,0,0,0,762.0,0
0,0,0,0,762.0,0
0,0,0,0,762.0,0
0,0,0,0,762.0,0
0,0,0,0,762.0,0
0,0,0,0,762.0,0
0,0,0,0,762.0,0
0,0,0,0,762.0,0
0,0,0,0,762.0,0
0,0,0,0,762.0,0
1,1,0,1,708.0,1
0,0,0,0,762.0,0
0,0,0,0,762.0,0
0,0,0,0,762.0,0
0,0,0,0,762.0,0
0,0,0,0,762.0,0
0,0,0,0,762.0,0
0,0,0,0,762.0,0
0,0,0,0,762.0,0
0,0,0,0,762.0,0
0,0,0,0,762.0,0
0,0,0,0,762.0,0
0,0,0,0,762.0,0
0,0,0,0,762.0,0
0,0,0,0,762.0,0
0,0,0,0,762.0,0
0,0,0,0,762.0,0
0,0,0,0,762.0,0
0,0,0,0,762.0,0
0,0,0,0,762.0,0
0,0,0,0,762.0,0
0,0,0,0,762.0,0
0,0,0,0,762.0,0
0,0,0,0,762.0,0
0,0,0,0,762.0,0
0,0,0,0,762.0,0
0,0,0,0,762.0,0
0,0,0,0,762.0,0
0,0,0,0,762.0,0
0,0,0,0,762.0,0
0,0,0,0,762.0,0
0,0,0,0,762.0,0
0,0,0,0,762.0,0
0,0,0,0,762.0,0
0,0,0,0,762.0,0
0,0,0,0,762.0,0
0,0,0,0,762.0,0
0,0,0,0,762.0,0
0,0,0,0,762.0,0
0,1,0,1,762.0,1
0,0,0,0,762.0,0
0,0,0,0,762.0,0
0,0,0,0,762.0,0
0,0,0,0,762.0,0
0,0,0,0,762.0,0
0,0,0,0,762.0,0
0,0,0,0,762.0,0
0,0,0,0,762.0,0
1,1,0,1,742.0,1
0,0,0,0,762.0,0
0,0,0,0,762.0,0
0,0,0,0,762.0,0
0,0,0,0,762.0,0
0,0,0,0,762.0,0
0,0,1,0,762.0,0
0,0,0,0,762.0,0
0,0,0,0,762.0,0
0,0,0,0,762.0,0
0,0,0,0,762.0,0
0,0,0,0,762.0,0
0,0,0,0,762.0,0
0,0,0,0,762.0,0
0,0,0,0,762.0,0
0,0,0,0,762.0,0
0,0,0,0,762.0,0
0,0,0,0,762.0,0
0,0,0,0,762.0,0
0,0,0,0,762.0,0
0,0,1,0,762.0,0
0,0,0,0,762.0,0
0,0,0,0,762.0,0
0,0,0,0,762.0,0
0,0,0,0,762.0,0
0,0,0,0,762.0,0
0,0,0,0,762.0,0
0,0,0,0,762.0,0
0,0,0,0,762.0,0
0,0,0,0,762.0,0
0,0,0,0,762.0,0
1,1,0,1,762.0,1
0,0,0,0,762.0,0
0,0,0,0,762.0,0
0,0,0,0,762.0,0
0,0,0,0,762.0,0
0,0,0,0,762.0,0
0,0,0,0,762.0,0
0,0,0,0,762.0,0
0,0,0,0,762.0,0
1,1,0,1,742.0,1
0,0,0,0,762.0,0
0,0,0,0,762.0,0
0,0,0,0,762.0,0
0,0,0,0,762.0,0
0,0,0,0,762.0,0
0,0,0,0,762.0,0
0,0,0,0,762.0,0
0,0,0,0,762.0,0
0,0,0,0,762.0,0
0,0,0,0,762.0,0
1,1,0,1,750.0,1
0,0,0,0,762.0,0
0,0,0,0,762.0,0
1,1,1,0,762.0,1
0,0,0,0,762.0,0
0,0,0,0,762.0,0
0,0,0,0,762.0,0
0,0,0,0,762.0,0
0,0,0,0,762.0,0
0,0,0,0,762.0,0
0,0,0,0,762.0,0
0,0,0,0,762.0,0
0,0,0,0,762.0,0
0,0,0,0,762.0,0
0,0,0,0,762.0,0
0,0,0,0,762.0,0
0,0,0,0,762.0,0
0,0,0,0,762.0,0
0,0,0,0,762.0,0
0,1,0,1,708.0,1
0,0,1,0,762.0,0
0,0,0,0,762.0,0
0,0,0,0,762.0,0
0,0,0,0,762.0,0
0,0,0,0,762.0,0
0,0,0,0,762.0,0
0,0,0,0,762.0,0
0,0,0,0,762.0,0
0,0,0,0,762.0,0
0,0,0,0,762.0,0
0,0,0,0,762.0,0
0,0,0,0,762.0,0
0,0,0,0,762.0,0
1,1,0,1,742.0,1
0,0,0,0,762.0,0
0,0,0,0,762.0,0
0,0,0,0,762.0,0
0,0,0,0,762.0,0
0,0,0,0,762.0,0
0,0,0,0,762.0,0
0,0,0,0,762.0,0
0,0,0,0,762.0,0
0,0,0,0,762.0,0
0,0,0,0,762.0,0
0,0,0,0,762.0,0
0,0,0,0,762.0,0
0,0,0,0,762.0,0
0,0,0,0,762.0,0
1,1,0,1,744.0,1
0,0,0,0,762.0,0
0,0,0,0,762.0,0
0,0,0,0,762.0,0
0,0,0,0,762.0,0
1,0,0,0,762.0,0
0,0,0,0,762.0,0
0,0,0,0,762.0,0
0,0,0,0,762.0,0
0,0,0,0,762.0,0
0,0,0,0,762.0,0
0,0,0,0,762.0,0
0,0,0,0,762.0,0
0,0,0,0,762.0,0
0,0,0,0,762.0,0
0,0,0,0,762.0,0
0,0,0,0,762.0,0
0,0,0,0,762.0,0
0,0,0,0,762.0,0
0,0,0,0,762.0,0
0,0,0,0,762.0,0
0,0,0,0,762.0,0
0,0,0,0,762.0,0
0,0,0,0,762.0,0
0,0,0,0,762.0,0
0,0,0,0,762.0,0
0,0,0,0,762.0,0
0,0,0,0,762.0,0
0,0,0,0,762.0,0
0,0,0,0,762.0,0
0,0,0,0,762.0,0
0,0,0,0,762.0,0
0,0,0,0,762.0,0
0,0,0,0,762.0,0
0,0,0,0,762.0,0
0,0,0,0,762.0,0
0,0,0,0,762.0,0
0,0,0,0,762.0,0
0,0,0,0,762.0,0
0,0,0,0,762.0,0
0,0,0,0,762.0,0
0,0,0,0,762.0,0
0,0,0,0,762.0,0
0,0,0,0,762.0,0
0,0,0,0,762.0,0
0,0,0,0,762.0,0
0,0,0,0,762.0,0
1,0,0,0,696.0,1
0,0,0,0,762.0,0
0,0,0,0,762.0,0
0,0,0,0,762.0,0
0,0,0,0,762.0,0
0,0,0,0,762.0,0
0,0,0,0,762.0,0
0,0,0,0,762.0,0
0,0,0,0,762.0,0
0,0,0,0,762.0,0
0,0,0,0,762.0,0
0,0,0,0,762.0,0
0,0,0,0,762.0,0
0,0,0,0,762.0,0
0,0,1,0,762.0,0
0,0,0,0,762.0,0
0,0,0,0,762.0,0
0,0,0,0,762.0,0
0,0,0,0,762.0,0
0,0,0,0,762.0,0
0,0,0,0,762.0,0
0,0,0,0,762.0,0
0,0,0,0,762.0,0
0,0,0,0,762.0,0
0,0,0,0,762.0,0
0,0,0,0,762.0,0
0,0,0,0,762.0,0
0,0,0,0,762.0,0
0,0,0,0,762.0,0
0,0,0,0,762.0,0
0,0,0,0,762.0,0
0,0,0,0,762.0,0
0,0,0,0,762.0,0
0,0,0,0,762.0,0
0,0,0,0,762.0,0
0,0,1,0,762.0,0
1,1,1,1,744.0,1
0,0,1,0,762.0,0
0,0,0,0,762.0,0
0,0,0,0,762.0,0
0,0,0,0,762.0,0
0,0,0,0,762.0,0
0,0,0,0,762.0,0
0,0,0,0,762.0,0
0,0,0,0,762.0,0
0,0,0,0,762.0,0
0,0,0,0,762.0,0
0,0,0,0,762.0,0
0,0,0,0,762.0,0
0,0,0,0,762.0,0
0,0,0,0,762.0,0
0,0,1,0,762.0,0
0,0,1,0,762.0,0
0,0,0,0,762.0,0
0,0,0,0,762.0,0
0,0,0,0,762.0,0
1,1,1,1,744.0,1
0,0,0,0,762.0,0
0,0,0,0,762.0,0
0,0,0,0,762.0,0
0,0,0,0,762.0,0
0,0,0,0,762.0,0
0,0,0,0,762.0,0
0,0,0,0,762.0,0
0,0,0,0,762.0,0
0,0,0,0,762.0,0
0,0,0,0,762.0,0
0,0,0,0,762.0,0
0,0,0,0,762.0,0
0,0,0,0,762.0,0
0,0,0,0,762.0,0
0,0,0,0,762.0,0
0,0,0,0,762.0,0
0,0,0,0,762.0,0
0,0,0,0,762.0,0
0,0,0,0,762.0,0
0,0,0,0,762.0,0
0,0,0,0,762.0,0
0,0,0,0,762.0,0
0,0,0,0,762.0,0
0,0,0,0,762.0,0
0,0,0,0,762.0,0
0,0,0,0,762.0,0
0,0,0,0,762.0,0
0,0,1,0,762.0,0
0,0,0,0,762.0,0
0,0,1,0,762.0,0
0,0,1,0,762.0,0
0,0,1,0,762.0,0
0,0,1,0,762.0,0
0,0,0,0,762.0,0
0,0,0,0,762.0,0
0,0,0,0,762.0,0
0,0,0,0,762.0,0
0,0,0,0,762.0,0
0,0,0,0,762.0,0
0,0,0,0,762.0,0
0,0,0,0,762.0,0
0,0,0,0,762.0,0
0,0,0,0,762.0,0
0,0,0,0,762.0,0
0,0,0,0,762.0,0
0,0,0,0,762.0,0
0,0,0,0,762.0,0
0,0,0,0,762.0,0
0,0,0,0,762.0,0
0,0,0,0,762.0,0
0,0,0,0,762.0,0
0,0,0,0,762.0,0
0,0,1,0,762.0,0
0,0,0,0,762.0,0
0,0,0,0,762.0,0
0,0,0,0,762.0,0
0,0,0,0,762.0,0
0,0,0,0,762.0,0
0,0,0,0,762.0,0
0,0,0,0,762.0,0
0,0,0,0,762.0,0
0,0,0,0,762.0,0
0,0,0,0,762.0,0
0,0,0,0,762.0,0
0,0,0,0,762.0,0
0,0,0,0,762.0,0
0,0,1,0,762.0,0
0,0,0,0,762.0,0
0,0,0,0,762.0,0
0,0,0,0,762.0,0
0,0,0,0,762.0,0
0,0,0,0,762.0,0
0,0,0,0,762.0,0
0,0,0,0,762.0,0
0,0,0,0,762.0,0
0,0,0,0,762.0,0
0,0,0,0,762.0,0
0,0,0,0,762.0,0
0,0,0,0,762.0,0
0,0,0,0,762.0,0
0,0,0,0,762.0,0
0,0,0,0,762.0,0
0,0,0,0,762.0,0
0,0,0,0,762.0,0
0,0,0,0,762.0,0
0,0,1,0,762.0,0
0,0,1,0,762.0,0
0,0,1,0,762.0,0
0,0,1,0,762.0,0
0,0,0,0,762.0,0
0,0,0,0,762.0,0
0,0,0,0,762.0,0
1,1,0,1,742.0,1
0,0,0,0,762.0,0
1,0,0,0,762.0,0
0,0,0,0,762.0,0
0,0,0,0,762.0,0
0,0,0,0,762.0,0
0,0,0,0,762.0,0
0,0,0,0,762.0,0
0,0,0,0,762.0,0
0,0,0,0,762.0,0
0,0,0,0,762.0,0
0,0,0,0,762.0,0
0,1,0,0,762.0,0
0,0,0,0,762.0,0
0,0,0,0,762.0,0
0,0,0,0,762.0,0
0,0,0,0,762.0,0
0,0,0,0,762.0,0
0,0,0,0,762.0,0
0,0,0,0,762.0,0
0,0,0,0,762.0,0
0,0,0,0,762.0,0
0,0,0,0,762.0,0
0,0,0,0,762.0,0
0,0,0,0,762.0,0
0,0,0,0,762.0,0
0,0,0,0,762.0,0
0,0,0,0,762.0,0
0,0,0,0,762.0,0
0,0,0,0,762.0,0
0,0,0,0,762.0,0
0,0,0,0,762.0,0
0,0,0,0,762.0,0
0,0,0,0,762.0,0
0,0,0,0,762.0,0
0,0,0,0,762.0,0
0,0,0,0,762.0,0
0,0,0,0,762.0,0
0,0,0,0,762.0,0
0,0,0,0,762.0,0
0,0,0,0,762.0,0
0,0,0,0,762.0,0
0,0,0,0,762.0,0
1,0,0,0,762.0,0
0,0,0,0,762.0,0
0,0,0,0,762.0,0
0,0,0,0,762.0,0
0,0,0,0,762.0,0
0,0,0,0,762.0,0
0,0,0,0,762.0,0
0,0,0,0,762.0,0
0,0,0,0,762.0,0
0,0,0,0,762.0,0
0,0,0,0,762.0,0
0,0,0,0,762.0,0
0,0,0,0,762.0,0
0,0,0,0,762.0,0
0,0,0,0,762.0,0
0,0,0,0,762.0,0
0,0,0,0,762.0,0
0,0,0,0,762.0,0
0,0,0,0,762.0,0
0,0,0,0,762.0,0
0,0,0,0,762.0,0
0,0,0,0,762.0,0
0,0,0,0,762.0,0
0,0,0,0,762.0,0
0,0,0,0,762.0,0
0,0,0,0,762.0,0
0,0,0,0,762.0,0
0,0,0,0,762.0,0
0,0,0,0,762.0,0
0,0,0,0,762.0,0
0,0,0,0,762.0,0
0,0,0,0,762.0,0
0,0,0,0,762.0,0
0,0,0,0,762.0,0
0,0,0,0,762.0,0
0,0,0,0,762.0,0
0,0,0,0,762.0,0
0,0,0,0,762.0,0
0,0,0,0,762.0,0
0,0,0,0,762.0,0
0,0,0,0,762.0,0
0,0,0,0,762.0,0
0,0,0,0,762.0,0
0,0,0,0,762.0,0
0,0,0,0,762.0,0
0,0,0,0,762.0,0
0,0,0,0,762.0,0
0,0,0,0,762.0,0
0,0,0,0,762.0,0
0,0,0,0,762.0,0
0,0,0,0,762.0,0
0,0,0,0,762.0,0
0,0,0,0,762.0,0
0,0,0,0,762.0,0
0,0,0,0,762.0,0
0,0,0,0,762.0,0
0,0,0,0,762.0,0
0,0,0,0,762.0,0
0,0,0,0,762.0,0
0,0,0,0,762.0,0
0,0,0,0,762.0,0
0,0,0,0,762.0,0
0,0,0,0,762.0,0
0,0,0,0,762.0,0
0,0,0,0,762.0,0
0,0,0,0,762.0,0
0,0,0,0,762.0,0
0,0,0,0,762.0,0
0,0,0,0,762.0,0
0,0,0,0,762.0,0
0,0,0,0,762.0,0
0,0,0,0,762.0,0
0,0,0,0,762.0,0
0,0,0,0,762.0,0
0,0,0,0,762.0,0
0,0,0,0,762.0,0
0,0,0,0,762.0,0
0,0,0,0,762.0,0
0,0,0,0,762.0,0
0,0,0,0,762.0,0
0,0,0,0,762.0,0
0,0,0,0,762.0,0
0,0,0,0,762.0,0
0,0,0,0,762.0,0
0,0,0,0,762.0,0
0,0,0,0,762.0,0
0,0,0,0,762.0,0
0,0,0,0,762.0,0
0,0,0,0,762.0,0
0,0,0,0,762.0,0
0,0,0,0,762.0,0
0,0,0,0,762.0,0
0,0,0,0,762.0,0
0,0,0,0,762.0,0
0,0,0,0,762.0,0
0,0,0,0,762.0,0
0,0,0,0,762.0,0
0,0,0,0,762.0,0
0,0,0,0,762.0,0
0,0,0,0,762.0,0
1,0,0,0,762.0,0
0,0,0,0,762.0,0
0,0,0,0,762.0,0
0,0,0,0,762.0,0
0,0,0,0,762.0,0
0,0,0,0,762.0,0
0,0,0,0,762.0,0
0,0,0,0,762.0,0
0,0,0,0,762.0,0
0,0,0,0,762.0,0
0,0,0,0,762.0,0
0,0,0,0,762.0,0
0,0,0,0,762.0,0
0,0,0,0,762.0,0
0,0,0,0,762.0,0
0,0,0,0,762.0,0
0,0,0,0,762.0,0
0,0,0,0,762.0,0
0,0,0,0,762.0,0
0,0,0,0,762.0,0
0,0,0,0,762.0,0
0,0,0,0,762.0,0
0,0,0,0,762.0,0
0,0,0,0,762.0,0
0,0,0,0,762.0,0
0,0,0,0,762.0,0
0,0,0,0,762.0,0
0,0,0,0,762.0,0
0,0,0,0,762.0,0
0,0,0,0,762.0,0
0,0,0,0,762.0,0
0,0,0,0,762.0,0
0,0,0,0,762.0,0
0,0,0,0,762.0,0
0,0,0,0,762.0,0
0,0,0,0,762.0,0
0,0,0,0,762.0,0
0,0,0,0,762.0,0
0,0,0,0,762.0,0
0,0,0,0,762.0,0
0,0,0,0,762.0,0
0,0,0,0,762.0,0
0,0,0,0,762.0,0
0,0,0,0,762.0,0
0,0,1,0,762.0,0
0,0,1,0,762.0,0
0,0,0,0,762.0,0
0,0,0,0,762.0,0
0,0,0,0,762.0,0
0,0,1,0,762.0,0
0,0,0,0,762.0,0
0,0,0,0,762.0,0
0,0,0,0,762.0,0
0,0,0,0,762.0,0
0,0,0,0,762.0,0
0,0,0,0,762.0,0
0,0,0,0,762.0,0
0,0,0,0,762.0,0
0,0,0,0,762.0,0
0,0,0,0,762.0,0
0,0,0,0,762.0,0
0,0,0,0,762.0,0
0,0,0,0,762.0,0
0,0,1,0,762.0,0
0,0,0,0,762.0,0
0,0,0,0,762.0,0
0,0,0,0,762.0,0
0,0,0,0,762.0,0
0,0,0,0,762.0,0
0,0,0,0,762.0,0
0,0,0,0,762.0,0
0,0,0,0,762.0,0
0,0,1,0,762.0,0
0,0,0,0,762.0,0
0,0,1,0,762.0,0
0,0,0,0,762.0,0
0,0,0,0,762.0,0
0,0,0,0,762.0,0
0,0,0,0,762.0,0
0,0,0,0,762.0,0
0,0,1,0,762.0,0
0,0,0,0,762.0,0
0,0,0,0,762.0,0
0,0,0,0,762.0,0
0,0,0,0,762.0,0
0,0,0,0,762.0,0
0,0,0,0,762.0,0
0,0,0,0,762.0,0
0,0,0,0,762.0,0
0,0,0,0,762.0,0
0,0,0,0,762.0,0
0,0,1,0,762.0,0
0,0,0,0,762.0,0
0,0,0,0,762.0,0
0,0,0,0,762.0,0
0,1,0,1,696.0,1
0,0,0,0,762.0,0
0,0,0,0,762.0,0
0,0,0,0,762.0,0
0,0,0,0,762.0,0
0,0,0,0,762.0,0
0,0,0,0,762.0,0
0,0,1,0,762.0,0
1,1,1,1,742.0,1
0,0,0,0,762.0,0
0,0,0,0,762.0,0
0,0,0,0,762.0,0
0,0,0,0,762.0,0
0,0,0,0,762.0,0
0,0,0,0,762.0,0
0,0,0,0,762.0,0
0,0,0,0,762.0,0
0,0,0,0,762.0,0
0,0,0,0,762.0,0
0,0,0,0,762.0,0
0,0,0,0,762.0,0
0,0,0,0,762.0,0
0,0,0,0,762.0,0
0,0,0,0,762.0,0
0,0,0,0,762.0,0
0,0,0,0,762.0,0
0,0,0,0,762.0,0
0,0,0,0,762.0,0
0,0,0,0,762.0,0
0,0,0,0,762.0,0
0,0,0,0,762.0,0
0,0,0,0,762.0,0
0,0,0,0,762.0,0
0,0,0,0,762.0,0
0,0,0,0,762.0,0
0,0,0,0,762.0,0
0,0,0,0,762.0,0
0,0,0,0,762.0,0
0,0,0,0,762.0,0
0,0,0,0,762.0,0
0,0,0,0,762.0,0
1,1,0,1,560.0,1
0,0,0,0,762.0,0
0,0,0,0,762.0,0
0,0,0,0,762.0,0
0,0,0,0,762.0,0
0,0,0,0,762.0,0
0,0,0,0,762.0,0
0,0,0,0,762.0,0
0,0,0,0,762.0,0
0,0,0,0,762.0,0
0,0,0,0,762.0,0
0,0,0,0,762.0,0
0,0,0,0,762.0,0
0,0,0,0,762.0,0
0,0,0,0,762.0,0
0,0,0,0,762.0,0
0,0,0,0,762.0,0
0,0,0,0,762.0,0
0,0,0,0,762.0,0
0,0,0,0,762.0,0
0,0,0,0,762.0,0
0,0,0,0,762.0,0
0,0,0,0,762.0,0
0,0,0,0,762.0,0
0,0,0,0,762.0,0
0,0,0,0,762.0,0
0,0,0,0,762.0,0
0,0,0,0,762.0,0
0,0,0,0,762.0,0
1,1,1,1,736.0,1
0,0,0,0,762.0,0
0,0,1,0,762.0,0
0,0,0,0,762.0,0
0,0,0,0,762.0,0
0,0,0,0,762.0,0
0,0,0,0,762.0,0
0,0,0,0,762.0,0
0,0,0,0,762.0,0
0,0,0,0,762.0,0
0,0,0,0,762.0,0
0,0,0,0,762.0,0
0,0,0,0,762.0,0
0,0,0,0,762.0,0
0,0,0,0,762.0,0
0,0,0,0,762.0,0
0,0,0,0,762.0,0
0,0,0,0,762.0,0
0,0,0,0,762.0,0
0,0,0,0,762.0,0
0,0,0,0,762.0,0
0,0,0,0,762.0,0
0,0,0,0,762.0,0
0,0,0,0,762.0,0
0,0,0,0,762.0,0
0,0,0,0,762.0,0
0,0,0,0,762.0,0
0,0,0,0,762.0,0
0,0,0,0,762.0,0
0,0,0,0,762.0,0
0,0,0,0,762.0,0
0,0,0,0,762.0,0
0,0,0,0,762.0,0
0,0,0,0,762.0,0
0,0,0,0,762.0,0
0,0,0,0,762.0,0
0,0,0,0,762.0,0
0,0,0,0,762.0,0
0,0,0,0,762.0,0
0,0,0,0,762.0,0
0,0,0,0,762.0,0
0,0,0,0,762.0,0
0,0,0,0,762.0,0
0,0,0,0,762.0,0
0,0,0,0,762.0,0
0,0,0,0,762.0,0
0,0,0,0,762.0,0
0,0,0,0,762.0,0
0,0,0,0,762.0,0
0,0,0,0,762.0,0
0,0,0,0,762.0,0
0,0,0,0,762.0,0
0,1,0,0,762.0,0
0,0,0,0,762.0,0
0,0,0,0,762.0,0
0,0,0,0,762.0,0
0,0,0,0,762.0,0
0,0,0,0,762.0,0
0,0,0,0,762.0,0
0,0,0,0,762.0,0
0,0,0,0,762.0,0
0,0,0,0,762.0,0
0,0,1,0,762.0,0
0,0,0,0,762.0,0
0,0,0,0,762.0,0
0,0,0,0,762.0,0
0,0,0,0,762.0,0
0,0,0,0,762.0,0
0,0,0,0,762.0,0
0,0,0,0,762.0,0
0,0,0,0,762.0,0
0,0,0,0,762.0,0
0,0,0,0,762.0,0
0,0,0,0,762.0,0
0,0,0,0,762.0,0
1,1,0,0,726.0,1
1,1,0,1,744.0,1
1,1,0,1,760.0,1
1,1,0,1,694.0,1
0,1,0,1,706.0,1
1,1,0,1,694.0,1
1,1,0,1,760.0,1
1,1,0,1,738.0,1
1,1,0,1,742.0,1
0,0,0,0,762.0,0
0,0,0,0,762.0,0
0,1,0,0,762.0,0
0,0,0,0,762.0,0
0,0,0,0,762.0,0
0,0,0,0,762.0,0
0,0,0,0,762.0,0
0,0,0,0,762.0,0
0,1,0,0,762.0,0
0,0,0,0,762.0,0
0,0,0,0,762.0,0
0,0,0,0,762.0,0
0,0,0,0,762.0,0
0,0,0,0,762.0,0
0,0,0,0,762.0,0
0,0,0,0,762.0,0
0,0,0,0,762.0,0
0,0,0,0,762.0,0
0,0,0,0,762.0,0
0,0,0,0,762.0,0
0,0,0,0,762.0,0
0,0,0,0,762.0,0
0,0,0,0,762.0,0
0,0,0,0,762.0,0
0,0,0,0,762.0,0
0,0,0,0,762.0,0
0,0,0,0,762.0,0
0,0,0,0,762.0,0
0,0,0,0,762.0,0
0,0,0,0,762.0,0
0,0,0,0,762.0,0
0,0,0,0,762.0,0
0,0,0,0,762.0,0
0,0,0,0,762.0,0
0,0,1,0,762.0,0
0,0,0,0,762.0,0
0,0,0,0,762.0,0
0,0,0,0,762.0,0
0,0,0,0,762.0,0
0,0,1,0,762.0,0
0,0,0,0,762.0,0
0,0,0,0,762.0,0
0,0,0,0,762.0,0
0,0,0,0,762.0,0
0,0,0,0,762.0,0
0,0,0,0,762.0,0
0,0,0,0,762.0,0
0,0,0,0,762.0,0
0,0,0,0,762.0,0
0,0,0,0,762.0,0
0,0,0,0,762.0,0
0,0,0,0,762.0,0
0,0,0,0,762.0,0
0,0,0,0,762.0,0
0,0,0,0,762.0,0
0,0,0,0,762.0,0
0,0,0,0,762.0,0
0,0,0,0,762.0,0
0,0,0,0,762.0,0
0,0,0,0,762.0,0
0,0,0,0,762.0,0
0,0,0,0,762.0,0
0,0,0,0,762.0,0
0,0,0,0,762.0,0
0,0,0,0,762.0,0
0,0,0,0,762.0,0
0,0,0,0,762.0,0
0,0,0,0,762.0,0
0,0,0,0,762.0,0
0,0,1,0,762.0,0
0,1,0,0,762.0,0
0,0,0,0,762.0,0
0,0,0,0,762.0,0
0,0,0,0,762.0,0
0,0,0,0,762.0,0
0,0,0,0,762.0,0
0,0,1,0,762.0,0
0,0,0,0,762.0,0
0,0,0,0,762.0,0
0,0,0,0,762.0,0
0,0,1,0,762.0,0
0,0,0,0,762.0,0
0,0,0,0,762.0,0
0,0,0,0,762.0,0
0,0,0,0,762.0,0
0,0,0,0,762.0,0
0,0,0,0,762.0,0
0,0,0,0,762.0,0
0,0,0,0,762.0,0
0,0,0,0,762.0,0
0,0,0,0,762.0,0
0,0,0,0,762.0,0
0,0,0,0,762.0,0
0,0,0,0,762.0,0
0,0,0,0,762.0,0
0,0,0,0,762.0,0
0,0,0,0,762.0,0
0,0,0,0,762.0,0
0,0,0,0,762.0,0
0,0,0,0,762.0,0
0,0,0,0,762.0,0
0,0,0,0,762.0,0
0,0,0,0,762.0,0
0,0,0,0,762.0,0
0,0,0,0,762.0,0
0,0,0,0,762.0,0
0,0,0,0,762.0,0
0,0,0,0,762.0,0
0,0,0,0,762.0,0
0,0,0,0,762.0,0
0,0,0,0,762.0,0
0,0,0,0,762.0,0
0,0,0,0,762.0,0
0,0,0,0,762.0,0
0,0,0,0,762.0,0
0,0,0,0,762.0,0
0,0,0,0,762.0,0
0,0,0,0,762.0,0
0,0,0,0,762.0,0
0,0,0,0,762.0,0
0,0,0,0,762.0,0
0,0,0,0,762.0,0
0,0,0,0,762.0,0
0,0,0,0,762.0,0
0,0,0,0,762.0,0
0,0,0,0,762.0,0
0,0,0,0,762.0,0
0,0,0,0,762.0,0
0,0,0,0,762.0,0
0,0,0,0,762.0,0
0,0,0,0,762.0,0
0,0,0,0,762.0,0
0,0,0,0,762.0,0
0,0,0,0,762.0,0
0,0,0,0,762.0,0
0,0,0,0,762.0,0
0,0,0,0,762.0,0
0,0,0,0,762.0,0
0,0,0,0,762.0,0
0,0,0,0,762.0,0
0,0,0,0,762.0,0
0,0,0,0,762.0,0
0,0,0,0,762.0,0
0,0,0,0,762.0,0
0,0,0,0,762.0,0
0,0,0,0,762.0,0
0,0,0,0,762.0,0
0,0,0,0,762.0,0
0,0,0,0,762.0,0
0,0,0,0,762.0,0
0,0,0,0,762.0,0
0,0,0,0,762.0,0
0,0,0,0,762.0,0
0,0,0,0,762.0,0
0,0,0,0,762.0,0
0,0,0,0,762.0,0
0,0,0,0,762.0,0
0,0,0,0,762.0,0
0,0,0,0,762.0,0
0,0,0,0,762.0,0
0,0,0,0,762.0,0
0,0,0,0,762.0,0
0,0,0,0,762.0,0
0,0,0,0,762.0,0
0,0,0,0,762.0,0
0,0,0,0,762.0,0
0,0,0,0,762.0,0
0,0,0,0,762.0,0
0,0,0,0,762.0,0
0,0,0,0,762.0,0
0,0,0,0,762.0,0
0,0,0,0,762.0,0
0,0,0,0,762.0,0
0,0,0,0,762.0,0
0,0,0,0,762.0,0
0,0,0,0,762.0,0
0,0,0,0,762.0,0
0,0,1,0,762.0,0
0,0,0,0,762.0,0
1,0,0,0,762.0,0
0,0,0,0,762.0,0
0,0,1,0,762.0,0
0,0,0,0,762.0,0
0,0,0,0,762.0,0
0,0,0,0,762.0,0
0,0,0,0,762.0,0
0,0,0,0,762.0,0
0,0,0,0,762.0,0
0,0,1,0,762.0,0
0,0,0,0,762.0,0
0,0,0,0,762.0,0
0,1,0,0,762.0,0
0,0,1,0,762.0,0
0,0,1,0,762.0,0
0,0,1,0,762.0,0
0,0,0,0,762.0,0
0,0,0,0,762.0,0
0,0,0,0,762.0,0
0,0,0,0,762.0,0
0,0,1,0,762.0,0
0,0,0,0,762.0,0
0,0,1,0,762.0,0
0,0,0,0,762.0,0
0,0,1,0,762.0,0
0,0,0,0,762.0,0
0,0,1,0,762.0,0
0,0,0,0,762.0,0
0,0,0,0,762.0,0
0,0,0,0,762.0,0
0,0,0,0,762.0,0
0,0,0,0,762.0,0
0,0,0,0,762.0,0
0,0,0,0,762.0,0
0,0,0,0,762.0,0
0,0,1,0,762.0,0
0,0,1,0,762.0,0
0,0,0,0,762.0,0
0,0,1,0,762.0,0
0,0,1,0,762.0,0
0,0,0,0,762.0,0
0,0,1,0,762.0,0
0,0,1,0,762.0,0
0,0,0,0,762.0,0
0,0,0,0,762.0,0
0,0,0,0,762.0,0
0,0,0,0,762.0,0
0,0,0,0,762.0,0
0,0,1,0,762.0,0
0,0,1,0,762.0,0
0,0,0,0,762.0,0
0,0,0,0,762.0,0
0,0,0,0,762.0,0
0,0,0,0,762.0,0
0,0,0,0,762.0,0
0,0,0,0,762.0,0
0,0,0,0,762.0,0
0,1,0,0,762.0,0
0,0,0,0,762.0,0
0,0,0,0,762.0,0
0,0,0,0,762.0,0
0,0,0,0,762.0,0
0,0,0,0,762.0,0
0,0,0,0,762.0,0
0,0,0,0,762.0,0
0,0,0,0,762.0,0
0,0,0,0,762.0,0
0,0,0,0,762.0,0
0,0,0,0,762.0,0
0,0,0,0,762.0,0
0,0,0,0,762.0,0
0,0,0,0,762.0,0
0,0,0,0,762.0,0
0,0,1,0,762.0,0
0,0,0,0,762.0,0
0,0,0,0,762.0,0
0,0,0,0,762.0,0
0,0,0,0,762.0,0
0,0,0,0,762.0,0
0,0,0,0,762.0,0
0,0,0,0,762.0,0
0,0,0,0,762.0,0
0,0,0,0,762.0,0
0,0,0,0,762.0,0
0,0,0,0,762.0,0
0,1,0,0,762.0,0
0,0,0,0,762.0,0
0,0,0,0,762.0,0
0,0,0,0,762.0,0
0,0,0,0,762.0,0
0,0,0,0,762.0,0
0,0,0,0,762.0,0
0,0,0,0,762.0,0
0,0,0,0,762.0,0
0,0,0,0,762.0,0
0,0,0,0,762.0,0
0,0,0,0,762.0,0
1,0,0,0,762.0,0
0,0,0,0,762.0,0
0,0,0,0,762.0,0
0,0,0,0,762.0,0
0,0,0,0,762.0,0
0,0,0,0,762.0,0
0,0,0,0,762.0,0
0,0,0,0,762.0,0
0,0,0,0,762.0,0
0,0,0,0,762.0,0
0,0,0,0,762.0,0
0,0,0,0,762.0,0
0,0,0,0,762.0,0
0,0,0,0,762.0,0
0,0,0,0,762.0,0
0,0,0,0,762.0,0
0,0,1,0,762.0,0
0,0,1,0,762.0,0
0,0,0,0,762.0,0
0,0,0,0,762.0,0
0,0,0,0,762.0,0
0,0,1,0,762.0,0
0,0,0,0,762.0,0
0,0,0,0,762.0,0
0,1,0,0,762.0,0
0,0,0,0,762.0,0
0,0,0,0,762.0,0
0,0,0,0,762.0,0
0,0,0,0,762.0,0
0,0,0,0,762.0,0
0,0,0,0,762.0,0
0,0,0,0,762.0,0
0,0,0,0,762.0,0
0,0,0,0,762.0,0
0,0,0,0,762.0,0
0,0,0,0,762.0,0
0,0,0,0,762.0,0
0,0,0,0,762.0,0
0,0,0,0,762.0,0
0,0,0,0,762.0,0
0,0,1,0,762.0,0
0,0,0,0,762.0,0
0,0,0,0,762.0,0
0,0,0,0,762.0,0
0,0,0,0,762.0,0
0,0,0,0,762.0,0
0,0,1,0,762.0,0
0,0,0,0,762.0,0
0,0,0,0,762.0,0
0,0,0,0,762.0,0
1,1,0,1,732.0,1
0,0,0,0,762.0,0
0,0,0,0,762.0,0
0,0,0,0,762.0,0
0,0,0,0,762.0,0
0,0,0,0,762.0,0
0,0,0,0,762.0,0
0,0,0,0,762.0,0
0,0,0,0,762.0,0
0,0,0,0,762.0,0
0,0,0,0,762.0,0
0,0,0,0,762.0,0
0,0,0,0,762.0,0
0,0,0,0,762.0,0
0,0,0,0,762.0,0
0,0,0,0,762.0,0
0,0,0,0,762.0,0
0,0,0,0,762.0,0
0,0,0,0,762.0,0
0,0,0,0,762.0,0
1,0,0,0,762.0,0
0,0,0,0,762.0,0
0,0,0,0,762.0,0
0,0,0,0,762.0,0
0,0,0,0,762.0,0
0,0,0,0,762.0,0
0,0,0,0,762.0,0
0,0,0,0,762.0,0
0,0,0,0,762.0,0
0,0,0,0,762.0,0
0,0,0,0,762.0,0
0,0,0,0,762.0,0
0,0,0,0,762.0,0
0,0,0,0,762.0,0
0,0,0,0,762.0,0
0,0,0,0,762.0,0
0,0,0,0,762.0,0
0,0,0,0,762.0,0
0,0,0,0,762.0,0
0,0,0,0,762.0,0
0,0,0,0,762.0,0
0,0,0,0,762.0,0
0,0,0,0,762.0,0
0,0,0,0,762.0,0
0,0,0,0,762.0,0
0,0,0,0,762.0,0
0,0,0,0,762.0,0
0,0,0,0,762.0,0
0,0,0,0,762.0,0
0,0,0,0,762.0,0
0,0,0,0,762.0,0
0,0,0,0,762.0,0
0,0,0,0,762.0,0
0,0,0,0,762.0,0
0,0,0,0,762.0,0
0,0,0,0,762.0,0
0,0,0,0,762.0,0
0,0,0,0,762.0,0
0,0,0,0,762.0,0
0,0,0,0,762.0,0
0,0,0,0,762.0,0
0,0,0,0,762.0,0
0,0,0,0,762.0,0
0,0,0,0,762.0,0
1,1,1,0,720.0,1
0,0,0,0,762.0,0
0,0,0,0,762.0,0
0,0,0,0,762.0,0
0,0,0,0,762.0,0
0,0,0,0,762.0,0
0,0,0,0,762.0,0
0,0,0,0,762.0,0
0,0,0,0,762.0,0
0,0,0,0,762.0,0
0,0,0,0,762.0,0
0,0,0,0,762.0,0
0,0,0,0,762.0,0
0,0,0,0,762.0,0
0,0,0,0,762.0,0
0,0,0,0,762.0,0
0,0,0,0,762.0,0
0,0,0,0,762.0,0
0,0,0,0,762.0,0
1,0,0,0,762.0,0
0,0,0,0,762.0,0
0,0,0,0,762.0,0
0,0,0,0,762.0,0
0,0,0,0,762.0,0
0,0,0,0,762.0,0
0,0,0,0,762.0,0
0,0,0,0,762.0,0
0,0,1,0,762.0,0
0,0,1,0,762.0,0
0,0,1,0,762.0,0
0,0,0,0,762.0,0
1,1,0,1,732.0,1
0,0,1,0,762.0,0
0,0,0,0,762.0,0
0,0,1,0,762.0,0
0,0,0,0,762.0,0
0,0,0,0,762.0,0
0,0,0,0,762.0,0
1,1,1,1,566.0,1
0,0,1,0,762.0,0
0,0,0,0,762.0,0
0,0,0,0,762.0,0
0,0,0,0,762.0,0
0,0,0,0,762.0,0
0,0,0,0,762.0,0
0,0,0,0,762.0,0
0,0,0,0,762.0,0
0,0,0,0,762.0,0
0,0,0,0,762.0,0
0,0,0,0,762.0,0
0,0,0,0,762.0,0
0,0,0,0,762.0,0
0,0,0,0,762.0,0
0,0,0,0,762.0,0
0,0,0,0,762.0,0
0,0,0,0,762.0,0
0,0,0,0,762.0,0
0,0,0,0,762.0,0
0,0,0,0,762.0,0
0,0,0,0,762.0,0
0,0,0,0,762.0,0
0,0,0,0,762.0,0
0,0,0,0,762.0,0
0,0,0,0,762.0,0
0,0,0,0,762.0,0
0,0,0,0,762.0,0
0,0,0,0,762.0,0
0,0,0,0,762.0,0
0,0,0,0,762.0,0
0,0,0,0,762.0,0
0,0,0,0,762.0,0
0,0,0,0,762.0,0
0,0,0,0,762.0,0
0,0,0,0,762.0,0
0,0,0,0,762.0,0
0,0,0,0,762.0,0
0,0,0,0,762.0,0
0,0,0,0,762.0,0
0,0,0,0,762.0,0
0,0,0,0,762.0,0
0,0,0,0,762.0,0
0,0,1,0,762.0,0
0,0,0,0,762.0,0
0,0,0,0,762.0,0
0,0,0,0,762.0,0
0,0,0,0,762.0,0
0,0,0,0,762.0,0
0,0,0,0,762.0,0
0,0,0,0,762.0,0
0,0,0,0,762.0,0
0,0,0,0,762.0,0
0,0,0,0,762.0,0
0,0,0,0,762.0,0
0,0,0,0,762.0,0
0,0,0,0,762.0,0
0,0,0,0,762.0,0
0,0,0,0,762.0,0
0,0,0,0,762.0,0
0,0,0,0,762.0,0
0,0,0,0,762.0,0
0,0,0,0,762.0,0
0,0,0,0,762.0,0
0,0,0,0,762.0,0
0,0,0,0,762.0,0
0,0,0,0,762.0,0
0,1,1,0,762.0,0
0,0,0,0,762.0,0
0,0,1,0,762.0,0
0,0,0,0,762.0,0
0,0,0,0,762.0,0
0,0,0,0,762.0,0
0,0,0,0,762.0,0
0,0,0,0,762.0,0
0,0,0,0,762.0,0
0,0,1,0,762.0,0
0,0,0,0,762.0,0
0,0,0,0,762.0,0
0,0,0,0,762.0,0
0,0,0,0,762.0,0
0,0,0,0,762.0,0
0,0,0,0,762.0,0
0,0,0,0,762.0,0
0,0,0,0,762.0,0
0,0,0,0,762.0,0
0,0,0,0,762.0,0
0,0,0,0,762.0,0
0,0,1,0,762.0,0
0,0,0,0,762.0,0
0,0,0,0,762.0,0
0,0,0,0,762.0,0
0,0,0,0,762.0,0
0,0,1,0,762.0,0
0,0,1,0,762.0,0
0,0,0,0,762.0,0
0,0,0,0,762.0,0
0,0,0,0,762.0,0
0,0,0,0,762.0,0
0,0,0,0,762.0,0
0,0,0,0,762.0,0
0,0,1,0,762.0,0
0,0,0,0,762.0,0
0,0,1,0,762.0,0
0,0,0,0,762.0,0
0,0,1,0,762.0,0
0,0,0,0,762.0,0
0,0,0,0,762.0,0
0,0,0,0,762.0,0
0,0,0,0,762.0,0
0,0,0,0,762.0,0
0,0,0,0,762.0,0
0,0,1,0,762.0,0
0,0,0,0,762.0,0
0,0,0,0,762.0,0
0,0,0,0,762.0,0
0,0,0,0,762.0,0
0,0,0,0,762.0,0
0,0,0,0,762.0,0
0,0,0,0,762.0,0
0,0,0,0,762.0,0
0,0,0,0,762.0,0
0,0,0,0,762.0,0
0,0,0,0,762.0,0
0,0,0,0,762.0,0
0,0,0,0,762.0,0
0,0,0,0,762.0,0
0,0,0,0,762.0,0
0,0,0,0,762.0,0
0,0,0,0,762.0,0
0,0,0,0,762.0,0
0,0,0,0,762.0,0
0,0,0,0,762.0,0
0,0,0,0,762.0,0
0,0,0,0,762.0,0
0,0,0,0,762.0,0
0,0,0,0,762.0,0
0,0,0,0,762.0,0
0,0,0,0,762.0,0
0,0,0,0,762.0,0
0,0,0,0,762.0,0
0,0,0,0,762.0,0
0,0,0,0,762.0,0
0,0,0,0,762.0,0
0,0,0,0,762.0,0
0,0,0,0,762.0,0
0,0,0,0,762.0,0
0,0,0,0,762.0,0
0,0,0,0,762.0,0
0,0,0,0,762.0,0
0,0,0,0,762.0,0
0,0,0,0,762.0,0
0,0,0,0,762.0,0
0,0,0,0,762.0,0
0,0,0,0,762.0,0
0,0,0,0,762.0,0
0,0,0,0,762.0,0
0,0,0,0,762.0,0
0,0,0,0,762.0,0
0,0,0,0,762.0,0
0,0,0,0,762.0,0
0,0,0,0,762.0,0
0,0,0,0,762.0,0
0,0,0,0,762.0,0
0,0,0,0,762.0,0
0,0,0,0,762.0,0
0,0,0,0,762.0,0
0,0,0,0,762.0,0
0,0,0,0,762.0,0
0,0,0,0,762.0,0
0,0,0,0,762.0,0
0,0,0,0,762.0,0
0,0,0,0,762.0,0
0,0,0,0,762.0,0
0,0,0,0,762.0,0
0,0,0,0,762.0,0
0,0,1,0,762.0,0
0,0,0,0,762.0,0
0,0,0,0,762.0,0
0,0,0,0,762.0,0
0,0,0,0,762.0,0
0,0,0,0,762.0,0
0,0,0,0,762.0,0
0,0,0,0,762.0,0
0,0,0,0,762.0,0
0,0,0,0,762.0,0
0,0,0,0,762.0,0
0,0,0,0,762.0,0
0,0,1,0,762.0,0
0,0,0,0,762.0,0
0,0,0,0,762.0,0
0,0,1,0,762.0,0
0,0,0,0,762.0,0
0,0,0,0,762.0,0
0,0,1,0,762.0,0
0,0,0,0,762.0,0
0,0,0,0,762.0,0
0,0,0,0,762.0,0
0,0,0,0,762.0,0
0,0,1,0,762.0,0
0,0,0,0,762.0,0
0,0,0,0,762.0,0
0,0,0,0,762.0,0
0,0,0,0,762.0,0
0,0,0,0,762.0,0
0,0,0,0,762.0,0
0,0,0,0,762.0,0
0,0,0,0,762.0,0
0,0,0,0,762.0,0
0,0,1,0,762.0,0
0,0,1,0,762.0,0
0,0,1,0,762.0,0
0,0,0,0,762.0,0
0,0,1,0,762.0,0
0,0,0,0,762.0,0
0,0,0,0,762.0,0
0,0,0,0,762.0,0
0,0,1,0,762.0,0
0,0,0,0,762.0,0
0,0,0,0,762.0,0
0,0,0,0,762.0,0
0,0,0,0,762.0,0
0,0,0,0,762.0,0
0,0,0,0,762.0,0
0,0,0,0,762.0,0
0,0,0,0,762.0,0
0,0,0,0,762.0,0
0,0,0,0,762.0,0
0,0,0,0,762.0,0
0,0,0,0,762.0,0
0,0,0,0,762.0,0
0,0,0,0,762.0,0
0,0,0,0,762.0,0
0,0,0,0,762.0,0
0,0,0,0,762.0,0
0,0,0,0,762.0,0
0,0,0,0,762.0,0
0,0,0,0,762.0,0
0,0,0,0,762.0,0
0,0,0,0,762.0,0
0,0,0,0,762.0,0
0,0,1,0,762.0,0
0,0,0,0,762.0,0
1,1,0,1,730.0,1
0,0,0,0,762.0,0
0,0,0,0,762.0,0
0,0,0,0,762.0,0
0,0,0,0,762.0,0
0,0,0,0,762.0,0
0,0,0,0,762.0,0
0,0,0,0,762.0,0
0,0,0,0,762.0,0
0,0,0,0,762.0,0
0,0,0,0,762.0,0
0,0,0,0,762.0,0
0,0,0,0,762.0,0
0,0,0,0,762.0,0
0,0,1,0,762.0,0
0,0,0,0,762.0,0
0,1,0,0,762.0,0
0,0,0,0,762.0,0
0,0,0,0,762.0,0
0,0,0,0,762.0,0
0,0,0,0,762.0,0
0,0,0,0,762.0,0
0,0,0,0,762.0,0
0,0,0,0,762.0,0
0,0,0,0,762.0,0
0,0,1,0,762.0,0
0,0,0,0,762.0,0
0,0,0,0,762.0,0
0,0,0,0,762.0,0
0,0,0,0,762.0,0
0,0,0,0,762.0,0
0,0,0,0,762.0,0
0,0,0,0,762.0,0
0,0,0,0,762.0,0
0,0,0,0,762.0,0
0,0,0,0,762.0,0
0,0,0,0,762.0,0
0,0,0,0,762.0,0
0,0,0,0,762.0,0
0,0,1,0,762.0,0
0,0,0,0,762.0,0
0,0,0,0,762.0,0
0,0,0,0,762.0,0
0,0,0,0,762.0,0
0,0,0,0,762.0,0
0,0,0,0,762.0,0
0,0,0,0,762.0,0
0,0,0,0,762.0,0
0,0,0,0,762.0,0
0,0,0,0,762.0,0
0,0,0,0,762.0,0
0,0,0,0,762.0,0
0,0,0,0,762.0,0
0,0,0,0,762.0,0
0,0,0,0,762.0,0
0,0,1,0,762.0,0
0,0,0,0,762.0,0
0,0,0,0,762.0,0
1,1,0,1,734.0,1
0,0,0,0,762.0,0
0,0,0,0,762.0,0
0,0,0,0,762.0,0
0,0,0,0,762.0,0
0,0,0,0,762.0,0
0,0,0,0,762.0,0
0,0,0,0,762.0,0
0,0,0,0,762.0,0
0,0,0,0,762.0,0
0,0,0,0,762.0,0
1,0,0,0,762.0,0
0,0,0,0,762.0,0
0,0,0,0,762.0,0
0,0,0,0,762.0,0
0,0,0,0,762.0,0
0,0,0,0,762.0,0
0,0,0,0,762.0,0
0,0,0,0,762.0,0
0,0,0,0,762.0,0
0,1,1,1,704.0,1
0,0,0,0,762.0,0
0,0,0,0,762.0,0
0,0,0,0,762.0,0
0,0,0,0,762.0,0
0,0,0,0,762.0,0
0,0,0,0,762.0,0
0,0,0,0,762.0,0
0,0,0,0,762.0,0
0,0,1,0,762.0,0
0,0,0,0,762.0,0
0,0,0,0,762.0,0
0,0,0,0,762.0,0
0,0,0,0,762.0,0
0,0,0,0,762.0,0
0,0,0,0,762.0,0
0,0,0,0,762.0,0
0,0,0,0,762.0,0
0,0,0,0,762.0,0
0,0,0,0,762.0,0
0,0,0,0,762.0,0
0,0,0,0,762.0,0
0,0,0,0,762.0,0
0,0,0,0,762.0,0
1,1,1,1,588.0,1
0,0,0,0,762.0,0
0,0,0,0,762.0,0
0,0,0,0,762.0,0
0,0,0,0,762.0,0
0,0,0,0,762.0,0
0,0,0,0,762.0,0
0,0,0,0,762.0,0
0,0,0,0,762.0,0
0,0,0,0,762.0,0
1,0,0,0,762.0,0
0,0,0,0,762.0,0
0,1,0,0,762.0,0
0,0,0,0,762.0,0
0,0,0,0,762.0,0
0,0,0,0,762.0,0
0,0,0,0,762.0,0
0,0,0,0,762.0,0
0,0,0,0,762.0,0
0,0,0,0,762.0,0
0,0,0,0,762.0,0
0,0,0,0,762.0,0
0,0,0,0,762.0,0
0,0,0,0,762.0,0
0,0,0,0,762.0,0
0,0,0,0,762.0,0
0,0,0,0,762.0,0
0,0,0,0,762.0,0
0,0,0,0,762.0,0
0,0,0,0,762.0,0
0,0,0,0,762.0,0
0,0,0,0,762.0,0
0,0,0,0,762.0,0
0,0,0,0,762.0,0
0,0,0,0,762.0,0
0,0,0,0,762.0,0
0,0,0,0,762.0,0
0,0,0,0,762.0,0
0,0,0,0,762.0,0
0,0,0,0,762.0,0
0,0,0,0,762.0,0
0,0,0,0,762.0,0
0,0,0,0,762.0,0
0,0,0,0,762.0,0
0,0,0,0,762.0,0
0,0,0,0,762.0,0
0,0,0,0,762.0,0
0,0,0,0,762.0,0
1,0,0,0,762.0,0
0,0,0,0,762.0,0
0,0,0,0,762.0,0
0,0,0,0,762.0,0
0,0,0,0,762.0,0
0,0,0,0,762.0,0
0,0,0,0,762.0,0
0,0,0,0,762.0,0
0,0,0,0,762.0,0
0,0,0,0,762.0,0
0,0,0,0,762.0,0
0,0,0,0,762.0,0
0,0,0,0,762.0,0
0,0,0,0,762.0,0
0,0,0,0,762.0,0
0,0,0,0,762.0,0
0,0,0,0,762.0,0
0,0,0,0,762.0,0
0,0,0,0,762.0,0
0,0,0,0,762.0,0
0,0,0,0,762.0,0
0,0,0,0,762.0,0
0,0,0,0,762.0,0
0,0,0,0,762.0,0
0,0,0,0,762.0,0
0,0,0,0,762.0,0
0,0,0,0,762.0,0
0,0,0,0,762.0,0
0,0,0,0,762.0,0
0,0,0,0,762.0,0
0,0,0,0,762.0,0
0,0,0,0,762.0,0
0,0,1,0,762.0,0
0,0,1,0,762.0,0
1,0,1,0,762.0,0
0,0,0,0,762.0,0
0,0,0,0,762.0,0
0,0,0,0,762.0,0
0,0,0,0,762.0,0
0,0,0,0,762.0,0
0,0,0,0,762.0,0
0,0,0,0,762.0,0
0,0,0,0,762.0,0
0,0,0,0,762.0,0
0,0,0,0,762.0,0
0,0,0,0,762.0,0
0,0,0,0,762.0,0
0,0,0,0,762.0,0
0,0,0,0,762.0,0
0,0,0,0,762.0,0
0,0,0,0,762.0,0
0,0,0,0,762.0,0
0,0,0,0,762.0,0
0,0,0,0,762.0,0
0,0,0,0,762.0,0
0,0,0,0,762.0,0
0,0,0,0,762.0,0
0,0,0,0,762.0,0
0,0,0,0,762.0,0
0,0,0,0,762.0,0
0,0,0,0,762.0,0
0,0,0,0,762.0,0
0,0,0,0,762.0,0
0,0,0,0,762.0,0
0,0,0,0,762.0,0
0,0,0,0,762.0,0
0,0,0,0,762.0,0
0,0,0,0,762.0,0
0,0,0,0,762.0,0
0,0,0,0,762.0,0
0,0,0,0,762.0,0
0,0,0,0,762.0,0
0,0,0,0,762.0,0
0,0,0,0,762.0,0
0,0,0,0,762.0,0
0,0,0,0,762.0,0
0,0,0,0,762.0,0
0,0,0,0,762.0,0
0,0,0,0,762.0,0
0,0,0,0,762.0,0
0,0,0,0,762.0,0
0,0,0,0,762.0,0
0,0,0,0,762.0,0
0,0,0,0,762.0,0
0,0,0,0,762.0,0
1,1,1,1,666.0,1
0,0,0,0,762.0,0
0,0,0,0,762.0,0
0,0,0,0,762.0,0
0,0,0,0,762.0,0
0,0,0,0,762.0,0
0,0,0,0,762.0,0
0,0,0,0,762.0,0
0,0,0,0,762.0,0
0,0,0,0,762.0,0
0,0,0,0,762.0,0
0,0,0,0,762.0,0
0,0,0,0,762.0,0
0,0,0,0,762.0,0
0,0,0,0,762.0,0
0,0,0,0,762.0,0
0,0,0,0,762.0,0
0,0,0,0,762.0,0
0,0,0,0,762.0,0
0,0,0,0,762.0,0
0,0,0,0,762.0,0
0,0,0,0,762.0,0
0,0,0,0,762.0,0
0,0,0,0,762.0,0
0,0,0,0,762.0,0
0,0,0,0,762.0,0
0,0,0,0,762.0,0
0,0,0,0,762.0,0
0,0,0,0,762.0,0
0,0,0,0,762.0,0
0,0,0,0,762.0,0
0,0,0,0,762.0,0
0,0,0,0,762.0,0
0,0,0,0,762.0,0
0,0,0,0,762.0,0
0,0,0,0,762.0,0
0,0,0,0,762.0,0
0,0,0,0,762.0,0
0,0,0,0,762.0,0
0,0,0,0,762.0,0
0,0,0,0,762.0,0
0,0,0,0,762.0,0
0,0,0,0,762.0,0
0,0,0,0,762.0,0
0,0,0,0,762.0,0
0,0,0,0,762.0,0
0,0,1,0,762.0,0
0,0,0,0,762.0,0
0,0,1,0,762.0,0
0,0,1,0,762.0,0
0,0,0,0,762.0,0
0,0,0,0,762.0,0
0,0,0,0,762.0,0
0,0,1,0,762.0,0
0,1,1,1,756.0,1
0,0,1,0,762.0,0
0,0,0,0,762.0,0
0,0,0,0,762.0,0
0,0,1,0,762.0,0
0,0,0,0,762.0,0
0,0,0,0,762.0,0
0,0,0,0,762.0,0
0,0,0,0,762.0,0
0,0,0,0,762.0,0
0,0,0,0,762.0,0
0,0,0,0,762.0,0
0,0,0,0,762.0,0
0,0,0,0,762.0,0
0,0,0,0,762.0,0
0,0,0,0,762.0,0
0,0,0,0,762.0,0
0,0,0,0,762.0,0
0,0,0,0,762.0,0
0,0,0,0,762.0,0
0,0,0,0,762.0,0
0,0,0,0,762.0,0
0,0,0,0,762.0,0
0,0,0,0,762.0,0
0,0,0,0,762.0,0
0,0,0,0,762.0,0
0,0,0,0,762.0,0
0,0,0,0,762.0,0
0,0,0,0,762.0,0
0,0,0,0,762.0,0
0,0,0,0,762.0,0
0,0,0,0,762.0,0
0,0,0,0,762.0,0
0,0,0,0,762.0,0
0,0,0,0,762.0,0
0,0,0,0,762.0,0
0,0,0,0,762.0,0
0,0,0,0,762.0,0
0,0,0,0,762.0,0
0,0,0,0,762.0,0
0,0,0,0,762.0,0
0,0,0,0,762.0,0
0,0,0,0,762.0,0
0,0,0,0,762.0,0
0,0,0,0,762.0,0
0,0,1,0,762.0,0
0,0,0,0,762.0,0
0,0,1,0,762.0,0
0,0,0,0,762.0,0
0,0,0,0,762.0,0
0,0,0,0,762.0,0
1,0,1,0,762.0,0
0,0,1,0,762.0,0
0,0,0,0,762.0,0
0,0,0,0,762.0,0
0,0,0,0,762.0,0
0,0,0,0,762.0,0
0,0,0,0,762.0,0
0,0,0,0,762.0,0
0,0,0,0,762.0,0
0,0,0,0,762.0,0
0,0,0,0,762.0,0
0,0,0,0,762.0,0
0,0,0,0,762.0,0
0,0,0,0,762.0,0
0,0,0,0,762.0,0
0,0,1,0,762.0,0
0,0,0,0,762.0,0
0,0,1,0,762.0,0
0,0,1,0,762.0,0
0,0,0,0,762.0,0
0,0,0,0,762.0,0
0,0,0,0,762.0,0
0,0,0,0,762.0,0
0,0,0,0,762.0,0
0,0,1,0,762.0,0
0,0,0,0,762.0,0
0,0,0,0,762.0,0
0,0,0,0,762.0,0
0,0,0,0,762.0,0
0,0,0,0,762.0,0
0,0,0,0,762.0,0
0,0,0,0,762.0,0
0,0,0,0,762.0,0
0,0,0,0,762.0,0
0,0,0,0,762.0,0
0,0,0,0,762.0,0
0,0,0,0,762.0,0
0,0,0,0,762.0,0
0,0,0,0,762.0,0
0,0,0,0,762.0,0
0,0,0,0,762.0,0
0,0,0,0,762.0,0
0,0,0,0,762.0,0
0,0,0,0,762.0,0
0,0,0,0,762.0,0
0,0,0,0,762.0,0
0,0,0,0,762.0,0
0,0,0,0,762.0,0
0,0,0,0,762.0,0
0,0,0,0,762.0,0
0,0,0,0,762.0,0
0,0,0,0,762.0,0
0,0,0,0,762.0,0
0,0,0,0,762.0,0
0,0,0,0,762.0,0
0,0,0,0,762.0,0
0,0,0,0,762.0,0
0,0,0,0,762.0,0
0,0,0,0,762.0,0
0,0,0,0,762.0,0
0,0,0,0,762.0,0
0,0,0,0,762.0,0
0,0,0,0,762.0,0
0,0,0,0,762.0,0
0,0,0,0,762.0,0
0,0,0,0,762.0,0
0,0,0,0,762.0,0
1,1,1,1,652.0,1
0,0,0,0,762.0,0
0,0,0,0,762.0,0
0,0,0,0,762.0,0
0,0,0,0,762.0,0
0,0,0,0,762.0,0
0,0,0,0,762.0,0
0,0,0,0,762.0,0
0,0,0,0,762.0,0
0,0,0,0,762.0,0
0,0,0,0,762.0,0
0,0,0,0,762.0,0
0,0,0,0,762.0,0
0,0,0,0,762.0,0
0,0,0,0,762.0,0
0,0,0,0,762.0,0
0,0,0,0,762.0,0
0,0,0,0,762.0,0
0,0,1,0,762.0,0
0,0,1,0,762.0,0
0,0,0,0,762.0,0
0,0,0,0,762.0,0
0,0,0,0,762.0,0
0,0,0,0,762.0,0
0,0,0,0,762.0,0
0,0,0,0,762.0,0
0,0,0,0,762.0,0
0,0,0,0,762.0,0
0,0,0,0,762.0,0
0,0,0,0,762.0,0
0,0,0,0,762.0,0
0,0,0,0,762.0,0
0,0,0,0,762.0,0
0,0,0,0,762.0,0
0,0,0,0,762.0,0
0,0,0,0,762.0,0
0,0,0,0,762.0,0
0,0,0,0,762.0,0
0,0,0,0,762.0,0
0,0,0,0,762.0,0
0,0,0,0,762.0,0
0,0,0,0,762.0,0
0,0,0,0,762.0,0
0,0,0,0,762.0,0
0,0,0,0,762.0,0
0,0,0,0,762.0,0
0,0,0,0,762.0,0
0,0,0,0,762.0,0
0,0,0,0,762.0,0
0,0,0,0,762.0,0
0,0,0,0,762.0,0
0,0,0,0,762.0,0
0,0,0,0,762.0,0
0,0,0,0,762.0,0
0,0,0,0,762.0,0
0,0,0,0,762.0,0
0,0,0,0,762.0,0
0,0,0,0,762.0,0
0,0,0,0,762.0,0
0,0,0,0,762.0,0
0,0,0,0,762.0,0
1,1,0,1,744.0,1
0,0,0,0,762.0,0
0,0,0,0,762.0,0
0,0,0,0,762.0,0
0,1,0,1,680.0,1
0,0,0,0,762.0,0
0,0,0,0,762.0,0
0,0,0,0,762.0,0
0,0,0,0,762.0,0
0,0,0,0,762.0,0
0,0,0,0,762.0,0
0,0,0,0,762.0,0
0,0,0,0,762.0,0
0,0,0,0,762.0,0
0,0,0,0,762.0,0
0,0,0,0,762.0,0
0,0,0,0,762.0,0
0,0,0,0,762.0,0
0,0,0,0,762.0,0
0,0,0,0,762.0,0
0,0,0,0,762.0,0
0,0,0,0,762.0,0
0,0,0,0,762.0,0
0,0,0,0,762.0,0
0,0,0,0,762.0,0
0,0,0,0,762.0,0
0,0,0,0,762.0,0
0,0,0,0,762.0,0
0,0,0,0,762.0,0
0,0,0,0,762.0,0
0,0,0,0,762.0,0
1,0,0,0,762.0,0
0,0,0,0,762.0,0
0,0,0,0,762.0,0
0,0,0,0,762.0,0
0,0,0,0,762.0,0
0,0,0,0,762.0,0
0,0,0,0,762.0,0
0,0,0,0,762.0,0
0,0,0,0,762.0,0
0,0,0,0,762.0,0
0,0,0,0,762.0,0
0,0,0,0,762.0,0
0,0,0,0,762.0,0
0,0,0,0,762.0,0
0,0,0,0,762.0,0
0,0,0,0,762.0,0
0,0,0,0,762.0,0
0,0,0,0,762.0,0
0,0,0,0,762.0,0
0,0,0,0,762.0,0
0,0,0,0,762.0,0
0,0,0,0,762.0,0
0,0,0,0,762.0,0
0,0,0,0,762.0,0
0,0,0,0,762.0,0
0,0,0,0,762.0,0
0,0,0,0,762.0,0
0,0,0,0,762.0,0
0,0,0,0,762.0,0
0,0,0,0,762.0,0
0,0,0,0,762.0,0
0,0,0,0,762.0,0
0,0,0,0,762.0,0
0,0,0,0,762.0,0
0,0,0,0,762.0,0
0,0,0,0,762.0,0
0,0,0,0,762.0,0
0,0,0,0,762.0,0
0,0,0,0,762.0,0
0,0,0,0,762.0,0
0,0,0,0,762.0,0
0,0,0,0,762.0,0
0,0,0,0,762.0,0
0,0,0,0,762.0,0
0,0,0,0,762.0,0
0,0,0,0,762.0,0
0,0,0,0,762.0,0
0,0,0,0,762.0,0
0,0,0,0,762.0,0
0,0,0,0,762.0,0
0,0,0,0,762.0,0
0,0,0,0,762.0,0
0,0,0,0,762.0,0
0,0,0,0,762.0,0
0,0,0,0,762.0,0
0,0,0,0,762.0,0
0,0,0,0,762.0,0
0,0,0,0,762.0,0
0,0,0,0,762.0,0
0,0,0,0,762.0,0
0,0,0,0,762.0,0
0,0,0,0,762.0,0
0,0,0,0,762.0,0
0,0,0,0,762.0,0
0,0,0,0,762.0,0
0,0,0,0,762.0,0
0,0,0,0,762.0,0
0,0,0,0,762.0,0
0,0,0,0,762.0,0
0,0,0,0,762.0,0
0,0,0,0,762.0,0
0,0,0,0,762.0,0
0,0,0,0,762.0,0
0,0,0,0,762.0,0
0,0,0,0,762.0,0
0,0,1,0,762.0,0
0,0,0,0,762.0,0
0,0,0,0,762.0,0
0,0,0,0,762.0,0
0,0,0,0,762.0,0
0,0,0,0,762.0,0
0,0,0,0,762.0,0
0,0,0,0,762.0,0
0,0,0,0,762.0,0
0,0,0,0,762.0,0
0,0,0,0,762.0,0
0,0,0,0,762.0,0
0,0,0,0,762.0,0
0,0,0,0,762.0,0
0,0,0,0,762.0,0
0,0,0,0,762.0,0
0,0,0,0,762.0,0
0,0,0,0,762.0,0
0,0,0,0,762.0,0
0,0,0,0,762.0,0
0,0,0,0,762.0,0
0,0,0,0,762.0,0
0,0,0,0,762.0,0
0,0,0,0,762.0,0
0,0,0,0,762.0,0
0,0,0,0,762.0,0
0,0,0,0,762.0,0
0,0,0,0,762.0,0
0,0,1,0,762.0,0
0,0,1,0,762.0,0
0,0,0,0,762.0,0
0,0,0,0,762.0,0
0,0,0,0,762.0,0
0,0,0,0,762.0,0
0,0,0,0,762.0,0
0,0,0,0,762.0,0
0,0,0,0,762.0,0
0,0,0,0,762.0,0
0,0,0,0,762.0,0
0,0,0,0,762.0,0
0,0,0,0,762.0,0
0,0,0,0,762.0,0
0,0,0,0,762.0,0
0,0,0,0,762.0,0
0,0,0,0,762.0,0
0,0,0,0,762.0,0
0,0,0,0,762.0,0
0,0,0,0,762.0,0
1,0,0,0,762.0,0
0,0,0,0,762.0,0
0,0,0,0,762.0,0
0,0,0,0,762.0,0
0,0,0,0,762.0,0
0,0,0,0,762.0,0
0,0,0,0,762.0,0
0,0,0,0,762.0,0
0,0,0,0,762.0,0
0,0,0,0,762.0,0
0,0,0,0,762.0,0
0,0,0,0,762.0,0
0,0,0,0,762.0,0
0,0,0,0,762.0,0
0,0,0,0,762.0,0
0,0,0,0,762.0,0
0,0,0,0,762.0,0
0,0,0,0,762.0,0
0,0,0,0,762.0,0
0,0,0,0,762.0,0
0,0,0,0,762.0,0
0,0,0,0,762.0,0
0,0,0,0,762.0,0
0,0,0,0,762.0,0
0,0,0,0,762.0,0
0,0,0,0,762.0,0
0,0,0,0,762.0,0
0,0,0,0,762.0,0
1,1,1,1,702.0,1
0,0,0,0,762.0,0
0,0,0,0,762.0,0
0,0,1,0,762.0,0
0,0,0,0,762.0,0
0,0,0,0,762.0,0
0,0,0,0,762.0,0
0,0,0,0,762.0,0
0,0,0,0,762.0,0
0,0,1,0,762.0,0
0,0,0,0,762.0,0
0,0,0,0,762.0,0
0,0,0,0,762.0,0
0,0,0,0,762.0,0
0,0,0,0,762.0,0
0,0,0,0,762.0,0
0,0,0,0,762.0,0
0,0,0,0,762.0,0
0,0,0,0,762.0,0
0,0,1,0,762.0,0
0,0,1,0,762.0,0
0,0,0,0,762.0,0
0,0,0,0,762.0,0
0,0,1,0,762.0,0
0,1,1,0,762.0,0
0,0,0,0,762.0,0
0,0,0,0,762.0,0
0,0,0,0,762.0,0
0,0,0,0,762.0,0
0,0,0,0,762.0,0
0,0,0,0,762.0,0
0,0,0,0,762.0,0
0,0,0,0,762.0,0
0,0,0,0,762.0,0
0,0,0,0,762.0,0
0,0,1,0,762.0,0
0,0,0,0,762.0,0
0,0,1,0,762.0,0
0,0,0,0,762.0,0
0,0,0,0,762.0,0
0,0,0,0,762.0,0
0,0,1,0,762.0,0
0,0,0,0,762.0,0
0,0,0,0,762.0,0
0,0,0,0,762.0,0
0,0,0,0,762.0,0
0,0,0,0,762.0,0
0,0,1,0,762.0,0
0,0,0,0,762.0,0
0,0,0,0,762.0,0
0,0,0,0,762.0,0
0,0,0,0,762.0,0
0,1,1,1,702.0,1
1,0,1,0,762.0,0
0,0,0,0,762.0,0
0,0,0,0,762.0,0
0,0,0,0,762.0,0
0,0,0,0,762.0,0
0,0,0,0,762.0,0
0,0,0,0,762.0,0
0,0,0,0,762.0,0
0,0,0,0,762.0,0
0,0,0,0,762.0,0
0,0,0,0,762.0,0
0,0,0,0,762.0,0
0,0,0,0,762.0,0
0,0,0,0,762.0,0
0,0,0,0,762.0,0
0,0,0,0,762.0,0
0,0,0,0,762.0,0
0,0,0,0,762.0,0
0,0,0,0,762.0,0
0,0,0,0,762.0,0
0,0,0,0,762.0,0
0,0,0,0,762.0,0
0,0,0,0,762.0,0
0,0,0,0,762.0,0
0,0,0,0,762.0,0
0,0,0,0,762.0,0
0,1,1,1,702.0,1
0,0,0,0,762.0,0
0,0,0,0,762.0,0
0,0,0,0,762.0,0
0,0,0,0,762.0,0
0,0,0,0,762.0,0
0,0,0,0,762.0,0
0,0,0,0,762.0,0
0,0,0,0,762.0,0
1,1,1,1,712.0,1
0,0,0,0,762.0,0
0,0,0,0,762.0,0
0,0,0,0,762.0,0
0,0,0,0,762.0,0
0,0,0,0,762.0,0
0,0,0,0,762.0,0
0,0,1,0,762.0,0
0,0,0,0,762.0,0
0,0,0,0,762.0,0
0,0,0,0,762.0,0
0,0,0,0,762.0,0
0,0,0,0,762.0,0
1,1,1,1,712.0,1
0,0,0,0,762.0,0
0,0,0,0,762.0,0
0,0,0,0,762.0,0
0,0,0,0,762.0,0
0,0,0,0,762.0,0
0,0,0,0,762.0,0
0,0,0,0,762.0,0
0,0,0,0,762.0,0
0,0,0,0,762.0,0
0,0,0,0,762.0,0
0,0,0,0,762.0,0
0,0,0,0,762.0,0
0,0,0,0,762.0,0
0,0,0,0,762.0,0
0,0,0,0,762.0,0
0,0,0,0,762.0,0
0,0,0,0,762.0,0
0,0,0,0,762.0,0
0,0,0,0,762.0,0
0,0,0,0,762.0,0
0,0,0,0,762.0,0
0,0,0,0,762.0,0
0,0,0,0,762.0,0
0,0,0,0,762.0,0
0,0,0,0,762.0,0
0,0,0,0,762.0,0
0,0,0,0,762.0,0
0,0,0,0,762.0,0
0,0,0,0,762.0,0
0,0,0,0,762.0,0
0,0,0,0,762.0,0
0,0,0,0,762.0,0
0,0,0,0,762.0,0
0,0,0,0,762.0,0
0,0,0,0,762.0,0
0,0,0,0,762.0,0
0,0,0,0,762.0,0
0,0,0,0,762.0,0
0,0,0,0,762.0,0
0,0,0,0,762.0,0
0,0,0,0,762.0,0
0,0,0,0,762.0,0
0,0,0,0,762.0,0
0,0,0,0,762.0,0
0,0,0,0,762.0,0
0,0,0,0,762.0,0
0,0,0,0,762.0,0
0,0,0,0,762.0,0
0,0,0,0,762.0,0
0,0,0,0,762.0,0
0,0,0,0,762.0,0
0,0,0,0,762.0,0
0,0,0,0,762.0,0
0,0,0,0,762.0,0
0,0,0,0,762.0,0
0,0,0,0,762.0,0
0,0,0,0,762.0,0
0,0,0,0,762.0,0
0,0,0,0,762.0,0
0,0,0,0,762.0,0
0,0,0,0,762.0,0
0,0,0,0,762.0,0
0,0,0,0,762.0,0
0,0,0,0,762.0,0
0,0,0,0,762.0,0
0,0,0,0,762.0,0
0,0,0,0,762.0,0
0,0,0,0,762.0,0
0,0,0,0,762.0,0
0,0,0,0,762.0,0
0,0,0,0,762.0,0
0,0,0,0,762.0,0
0,0,0,0,762.0,0
0,0,1,0,762.0,0
0,0,0,0,762.0,0
0,0,0,0,762.0,0
0,0,0,0,762.0,0
0,0,0,0,762.0,0
0,0,0,0,762.0,0
0,0,0,0,762.0,0
0,0,0,0,762.0,0
0,0,0,0,762.0,0
0,0,0,0,762.0,0
0,0,0,0,762.0,0
0,0,0,0,762.0,0
0,0,0,0,762.0,0
0,0,0,0,762.0,0
0,0,0,0,762.0,0
0,0,0,0,762.0,0
0,0,0,0,762.0,0
0,0,0,0,762.0,0
0,0,0,0,762.0,0
0,0,0,0,762.0,0
0,0,0,0,762.0,0
0,0,0,0,762.0,0
0,0,0,0,762.0,0
0,0,0,0,762.0,0
0,0,0,0,762.0,0
0,0,0,0,762.0,0
0,0,0,0,762.0,0
0,0,0,0,762.0,0
0,0,0,0,762.0,0
0,0,0,0,762.0,0
0,0,0,0,762.0,0
0,0,0,0,762.0,0
0,0,0,0,762.0,0
0,0,0,0,762.0,0
0,0,0,0,762.0,0
0,0,0,0,762.0,0
0,0,0,0,762.0,0
0,0,0,0,762.0,0
0,0,0,0,762.0,0
0,0,0,0,762.0,0
0,0,0,0,762.0,0
0,0,0,0,762.0,0
0,0,0,0,762.0,0
0,0,0,0,762.0,0
0,0,0,0,762.0,0
0,0,0,0,762.0,0
0,0,0,0,762.0,0
0,0,0,0,762.0,0
0,0,0,0,762.0,0
0,0,0,0,762.0,0
0,0,0,0,762.0,0
0,0,0,0,762.0,0
0,0,0,0,762.0,0
0,0,0,0,762.0,0
0,0,0,0,762.0,0
0,0,0,0,762.0,0
0,0,0,0,762.0,0
0,0,0,0,762.0,0
0,0,0,0,762.0,0
0,0,0,0,762.0,0
0,0,0,0,762.0,0
0,0,0,0,762.0,0
0,0,0,0,762.0,0
0,0,0,0,762.0,0
0,0,0,0,762.0,0
0,0,0,0,762.0,0
0,0,0,0,762.0,0
0,0,0,0,762.0,0
0,0,0,0,762.0,0
0,0,0,0,762.0,0
0,0,0,0,762.0,0
0,0,0,0,762.0,0
0,0,0,0,762.0,0
0,0,0,0,762.0,0
0,0,0,0,762.0,0
0,0,0,0,762.0,0
0,0,0,0,762.0,0
0,0,0,0,762.0,0
0,0,0,0,762.0,0
0,0,0,0,762.0,0
0,0,0,0,762.0,0
0,0,0,0,762.0,0
0,0,0,0,762.0,0
0,0,0,0,762.0,0
0,0,0,0,762.0,0
0,0,0,0,762.0,0
0,0,0,0,762.0,0
0,0,0,0,762.0,0
0,0,0,0,762.0,0
0,0,0,0,762.0,0
0,0,0,0,762.0,0
0,0,0,0,762.0,0
0,0,0,0,762.0,0
0,0,0,0,762.0,0
0,0,0,0,762.0,0
0,0,0,0,762.0,0
0,0,0,0,762.0,0
0,0,0,0,762.0,0
0,0,0,0,762.0,0
0,0,0,0,762.0,0
0,0,0,0,762.0,0
0,0,0,0,762.0,0
0,0,0,0,762.0,0
0,0,0,0,762.0,0
0,0,0,0,762.0,0
0,0,0,0,762.0,0
0,0,0,0,762.0,0
0,0,0,0,762.0,0
0,0,0,0,762.0,0
0,0,0,0,762.0,0
0,0,0,0,762.0,0
0,0,0,0,762.0,0
0,0,0,0,762.0,0
0,0,0,0,762.0,0
0,0,0,0,762.0,0
0,0,0,0,762.0,0
0,0,0,0,762.0,0
0,0,0,0,762.0,0
0,0,0,0,762.0,0
0,0,0,0,762.0,0
0,0,0,0,762.0,0
0,0,0,0,762.0,0
0,0,0,0,762.0,0
0,0,0,0,762.0,0
0,0,0,0,762.0,0
0,0,0,0,762.0,0
0,0,0,0,762.0,0
0,0,0,0,762.0,0
0,0,0,0,762.0,0
0,0,0,0,762.0,0
0,0,0,0,762.0,0
0,0,0,0,762.0,0
0,0,0,0,762.0,0
0,0,0,0,762.0,0
0,0,0,0,762.0,0
0,0,0,0,762.0,0
0,0,0,0,762.0,0
0,0,0,0,762.0,0
0,0,0,0,762.0,0
0,0,0,0,762.0,0
0,0,0,0,762.0,0
0,0,0,0,762.0,0
0,0,0,0,762.0,0
0,0,0,0,762.0,0
0,0,0,0,762.0,0
0,0,0,0,762.0,0
0,0,0,0,762.0,0
0,0,0,0,762.0,0
0,0,0,0,762.0,0
0,0,0,0,762.0,0
0,0,0,0,762.0,0
0,0,0,0,762.0,0
0,0,0,0,762.0,0
0,0,0,0,762.0,0
0,0,0,0,762.0,0
0,0,0,0,762.0,0
0,0,0,0,762.0,0
0,0,0,0,762.0,0
0,0,0,0,762.0,0
0,0,0,0,762.0,0
0,0,0,0,762.0,0
0,0,0,0,762.0,0
0,0,0,0,762.0,0
0,0,0,0,762.0,0
1,1,0,1,724.0,1
0,0,0,0,762.0,0
0,0,0,0,762.0,0
0,0,0,0,762.0,0
0,0,0,0,762.0,0
0,0,0,0,762.0,0
0,0,0,0,762.0,0
0,0,0,0,762.0,0
0,0,0,0,762.0,0
0,0,0,0,762.0,0
0,0,0,0,762.0,0
0,0,0,0,762.0,0
0,0,0,0,762.0,0
0,0,0,0,762.0,0
0,0,0,0,762.0,0
0,0,0,0,762.0,0
0,0,0,0,762.0,0
0,0,0,0,762.0,0
0,0,0,0,762.0,0
0,0,0,0,762.0,0
0,0,0,0,762.0,0
0,0,0,0,762.0,0
0,0,0,0,762.0,0
0,0,0,0,762.0,0
0,0,0,0,762.0,0
0,0,0,0,762.0,0
0,0,0,0,762.0,0
0,0,0,0,762.0,0
0,0,0,0,762.0,0
0,0,0,0,762.0,0
0,0,0,0,762.0,0
0,0,0,0,762.0,0
0,0,0,0,762.0,0
0,0,0,0,762.0,0
0,0,0,0,762.0,0
0,0,0,0,762.0,0
0,0,0,0,762.0,0
0,0,0,0,762.0,0
0,0,0,0,762.0,0
0,0,0,0,762.0,0
0,0,0,0,762.0,0
0,0,0,0,762.0,0
0,0,0,0,762.0,0
0,0,0,0,762.0,0
0,0,0,0,762.0,0
0,0,0,0,762.0,0
0,0,0,0,762.0,0
0,0,0,0,762.0,0
0,0,0,0,762.0,0
0,0,0,0,762.0,0
0,0,0,0,762.0,0
0,0,0,0,762.0,0
0,0,0,0,762.0,0
0,0,0,0,762.0,0
0,0,0,0,762.0,0
0,0,0,0,762.0,0
0,0,0,0,762.0,0
0,0,0,0,762.0,0
0,0,0,0,762.0,0
0,0,0,0,762.0,0
0,0,0,0,762.0,0
0,0,0,0,762.0,0
0,0,0,0,762.0,0
0,0,0,0,762.0,0
0,0,0,0,762.0,0
0,0,0,0,762.0,0
0,0,0,0,762.0,0
0,0,0,0,762.0,0
0,0,0,0,762.0,0
0,0,0,0,762.0,0
0,0,0,0,762.0,0
0,0,0,0,762.0,0
0,0,1,0,762.0,0
0,0,1,0,762.0,0
0,0,0,0,762.0,0
0,0,0,0,762.0,0
0,0,0,0,762.0,0
0,0,0,0,762.0,0
0,0,0,0,762.0,0
0,0,0,0,762.0,0
0,0,0,0,762.0,0
0,0,0,0,762.0,0
0,0,0,0,762.0,0
0,0,0,0,762.0,0
0,0,0,0,762.0,0
0,0,0,0,762.0,0
0,0,0,0,762.0,0
0,0,0,0,762.0,0
0,0,0,0,762.0,0
0,0,0,0,762.0,0
0,0,0,0,762.0,0
0,0,0,0,762.0,0
0,0,0,0,762.0,0
0,0,0,0,762.0,0
0,0,0,0,762.0,0
0,0,0,0,762.0,0
0,0,0,0,762.0,0
0,0,0,0,762.0,0
0,0,0,0,762.0,0
0,0,0,0,762.0,0
0,0,0,0,762.0,0
0,0,0,0,762.0,0
0,0,0,0,762.0,0
0,0,0,0,762.0,0
0,0,0,0,762.0,0
0,0,0,0,762.0,0
0,0,0,0,762.0,0
0,0,0,0,762.0,0
0,0,0,0,762.0,0
0,0,0,0,762.0,0
0,0,0,0,762.0,0
0,0,0,0,762.0,0
0,0,0,0,762.0,0
0,0,0,0,762.0,0
0,0,0,0,762.0,0
0,0,0,0,762.0,0
0,0,0,0,762.0,0
0,0,0,0,762.0,0
0,0,0,0,762.0,0
0,0,0,0,762.0,0
0,0,0,0,762.0,0
0,0,0,0,762.0,0
0,0,0,0,762.0,0
0,0,0,0,762.0,0
0,0,0,0,762.0,0
0,0,0,0,762.0,0
0,0,0,0,762.0,0
0,0,0,0,762.0,0
0,0,0,0,762.0,0
0,0,0,0,762.0,0
0,0,0,0,762.0,0
0,0,0,0,762.0,0
0,0,0,0,762.0,0
0,0,0,0,762.0,0
0,0,0,0,762.0,0
0,0,0,0,762.0,0
0,0,0,0,762.0,0
0,0,0,0,762.0,0
0,0,0,0,762.0,0
0,0,0,0,762.0,0
0,0,0,0,762.0,0
0,0,0,0,762.0,0
0,0,0,0,762.0,0
0,0,0,0,762.0,0
0,0,0,0,762.0,0
0,0,0,0,762.0,0
0,0,0,0,762.0,0
0,0,0,0,762.0,0
0,0,0,0,762.0,0
0,0,0,0,762.0,0
0,0,0,0,762.0,0
0,0,0,0,762.0,0
0,0,0,0,762.0,0
0,0,0,0,762.0,0
0,0,0,0,762.0,0
0,0,0,0,762.0,0
0,0,0,0,762.0,0
0,0,0,0,762.0,0
0,0,0,0,762.0,0
0,0,0,0,762.0,0
0,0,0,0,762.0,0
0,0,0,0,762.0,0
0,0,0,0,762.0,0
0,0,0,0,762.0,0
0,0,0,0,762.0,0
0,0,0,0,762.0,0
0,0,0,0,762.0,0
0,0,0,0,762.0,0
0,0,0,0,762.0,0
0,0,0,0,762.0,0
0,0,0,0,762.0,0
0,0,0,0,762.0,0
0,0,0,0,762.0,0
0,0,0,0,762.0,0
0,0,0,0,762.0,0
0,0,0,0,762.0,0
0,0,0,0,762.0,0
0,0,0,0,762.0,0
0,0,0,0,762.0,0
0,0,0,0,762.0,0
0,0,0,0,762.0,0
0,0,0,0,762.0,0
0,0,0,0,762.0,0
0,0,0,0,762.0,0
0,0,0,0,762.0,0
0,0,0,0,762.0,0
0,0,0,0,762.0,0
0,0,0,0,762.0,0
0,0,0,0,762.0,0
0,0,0,0,762.0,0
0,0,0,0,762.0,0
0,0,0,0,762.0,0
0,0,0,0,762.0,0
0,0,0,0,762.0,0
0,0,0,0,762.0,0
0,0,0,0,762.0,0
0,0,0,0,762.0,0
0,0,0,0,762.0,0
0,0,0,0,762.0,0
0,0,0,0,762.0,0
0,0,0,0,762.0,0
0,0,0,0,762.0,0
0,0,0,0,762.0,0
0,0,0,0,762.0,0
0,0,0,0,762.0,0
0,0,0,0,762.0,0
0,0,0,0,762.0,0
0,0,0,0,762.0,0
0,0,0,0,762.0,0
0,0,0,0,762.0,0
0,0,0,0,762.0,0
1,1,0,1,724.0,1
0,0,0,0,762.0,0
0,0,0,0,762.0,0
0,0,0,0,762.0,0
0,0,0,0,762.0,0
0,0,0,0,762.0,0
0,0,0,0,762.0,0
0,1,0,0,762.0,0
0,0,0,0,762.0,0
0,0,0,0,762.0,0
0,0,0,0,762.0,0
0,0,0,0,762.0,0
0,0,0,0,762.0,0
0,0,0,0,762.0,0
0,0,0,0,762.0,0
0,0,0,0,762.0,0
0,0,0,0,762.0,0
0,0,0,0,762.0,0
0,0,0,0,762.0,0
0,0,0,0,762.0,0
0,0,0,0,762.0,0
0,0,0,0,762.0,0
0,0,0,0,762.0,0
0,0,0,0,762.0,0
0,0,0,0,762.0,0
0,0,0,0,762.0,0
0,0,0,0,762.0,0
0,0,0,0,762.0,0
0,0,0,0,762.0,0
0,0,0,0,762.0,0
0,0,0,0,762.0,0
0,0,0,0,762.0,0
0,0,0,0,762.0,0
0,0,0,0,762.0,0
0,0,0,0,762.0,0
0,0,0,0,762.0,0
0,0,0,0,762.0,0
0,0,0,0,762.0,0
0,0,0,0,762.0,0
0,0,0,0,762.0,0
0,0,0,0,762.0,0
0,0,0,0,762.0,0
0,0,0,0,762.0,0
0,0,0,0,762.0,0
0,0,0,0,762.0,0
0,0,0,0,762.0,0
0,0,0,0,762.0,0
0,0,0,0,762.0,0
0,0,0,0,762.0,0
0,0,0,0,762.0,0
0,0,0,0,762.0,0
0,0,0,0,762.0,0
0,0,0,0,762.0,0
0,0,0,0,762.0,0
0,0,0,0,762.0,0
0,0,0,0,762.0,0
0,0,0,0,762.0,0
0,0,0,0,762.0,0
0,0,0,0,762.0,0
0,0,0,0,762.0,0
0,0,0,0,762.0,0
0,0,0,0,762.0,0
0,0,0,0,762.0,0
0,0,0,0,762.0,0
0,0,0,0,762.0,0
0,0,0,0,762.0,0
0,0,0,0,762.0,0
0,0,0,0,762.0,0
0,0,0,0,762.0,0
0,0,0,0,762.0,0
0,0,0,0,762.0,0
0,0,0,0,762.0,0
0,0,0,0,762.0,0
0,0,0,0,762.0,0
0,0,0,0,762.0,0
1,1,1,1,708.0,1
0,1,1,1,654.0,1
0,1,1,1,652.0,1
1,1,1,1,706.0,1
0,0,0,0,762.0,0
0,0,0,0,762.0,0
0,0,0,0,762.0,0
0,0,0,0,762.0,0
0,0,0,0,762.0,0
0,0,0,0,762.0,0
0,0,0,0,762.0,0
0,0,0,0,762.0,0
0,0,0,0,762.0,0
0,0,0,0,762.0,0
0,0,0,0,762.0,0
0,0,0,0,762.0,0
0,0,0,0,762.0,0
0,0,0,0,762.0,0
0,0,0,0,762.0,0
0,0,0,0,762.0,0
0,0,0,0,762.0,0
0,0,0,0,762.0,0
0,0,0,0,762.0,0
0,0,0,0,762.0,0
0,0,0,0,762.0,0
0,0,0,0,762.0,0
0,0,0,0,762.0,0
0,0,0,0,762.0,0
0,0,0,0,762.0,0
0,0,0,0,762.0,0
0,0,0,0,762.0,0
0,0,0,0,762.0,0
0,0,0,0,762.0,0
0,0,0,0,762.0,0
0,0,0,0,762.0,0
0,0,0,0,762.0,0
0,0,0,0,762.0,0
0,0,0,0,762.0,0
0,0,0,0,762.0,0
0,0,0,0,762.0,0
0,0,0,0,762.0,0
0,0,0,0,762.0,0
0,0,0,0,762.0,0
0,0,0,0,762.0,0
0,0,0,0,762.0,0
0,0,0,0,762.0,0
0,0,0,0,762.0,0
0,0,0,0,762.0,0
0,0,0,0,762.0,0
0,0,0,0,762.0,0
0,0,0,0,762.0,0
0,0,0,0,762.0,0
0,0,0,0,762.0,0
0,0,0,0,762.0,0
0,0,0,0,762.0,0
0,0,0,0,762.0,0
0,0,0,0,762.0,0
0,0,0,0,762.0,0
1,0,0,0,762.0,0
0,0,0,0,762.0,0
0,0,0,0,762.0,0
0,0,0,0,762.0,0
0,0,0,0,762.0,0
0,0,0,0,762.0,0
0,0,0,0,762.0,0
0,0,0,0,762.0,0
0,0,0,0,762.0,0
0,0,0,0,762.0,0
0,0,0,0,762.0,0
0,0,0,0,762.0,0
0,0,0,0,762.0,0
0,0,0,0,762.0,0
0,0,0,0,762.0,0
0,0,0,0,762.0,0
0,0,0,0,762.0,0
0,0,0,0,762.0,0
0,0,0,0,762.0,0
0,0,0,0,762.0,0
0,0,0,0,762.0,0
0,0,0,0,762.0,0
0,0,0,0,762.0,0
0,0,0,0,762.0,0
0,0,0,0,762.0,0
0,0,0,0,762.0,0
0,0,0,0,762.0,0
0,0,0,0,762.0,0
0,0,0,0,762.0,0
0,0,0,0,762.0,0
0,1,1,1,686.0,1
0,0,0,0,762.0,0
0,1,1,1,676.0,1
0,0,0,0,762.0,0
0,0,0,0,762.0,0
0,1,1,0,654.0,1
0,0,0,0,762.0,0
0,0,0,0,762.0,0
0,0,0,0,762.0,0
0,0,0,0,762.0,0
0,0,0,0,762.0,0
0,0,0,0,762.0,0
0,1,0,1,652.0,1
0,0,0,0,762.0,0
0,0,0,0,762.0,0
0,0,0,0,762.0,0
0,0,0,0,762.0,0
0,0,0,0,762.0,0
0,0,0,0,762.0,0
0,0,0,0,762.0,0
0,0,0,0,762.0,0
0,0,0,0,762.0,0
0,0,0,0,762.0,0
0,0,0,0,762.0,0
0,0,0,0,762.0,0
0,0,0,0,762.0,0
0,0,0,0,762.0,0
0,0,0,0,762.0,0
0,0,0,0,762.0,0
0,0,0,0,762.0,0
0,0,0,0,762.0,0
0,0,0,0,762.0,0
0,0,0,0,762.0,0
0,0,0,0,762.0,0
0,0,0,0,762.0,0
0,0,0,0,762.0,0
0,0,0,0,762.0,0
0,0,0,0,762.0,0
0,0,0,0,762.0,0
0,0,0,0,762.0,0
0,0,0,0,762.0,0
0,0,0,0,762.0,0
0,0,0,0,762.0,0
0,0,0,0,762.0,0
0,0,0,0,762.0,0
0,0,0,0,762.0,0
0,0,0,0,762.0,0
0,0,0,0,762.0,0
0,0,0,0,762.0,0
0,0,0,0,762.0,0
0,0,0,0,762.0,0
0,0,0,0,762.0,0
0,0,0,0,762.0,0
0,0,0,0,762.0,0
0,0,0,0,762.0,0
0,0,0,0,762.0,0
0,0,0,0,762.0,0
0,0,0,0,762.0,0
0,0,0,0,762.0,0
0,0,0,0,762.0,0
0,0,0,0,762.0,0
0,0,0,0,762.0,0
0,0,0,0,762.0,0
0,0,0,0,762.0,0
0,0,0,0,762.0,0
0,0,0,0,762.0,0
0,0,1,0,762.0,0
0,0,0,0,762.0,0
0,0,0,0,762.0,0
0,0,0,0,762.0,0
0,0,0,0,762.0,0
0,0,0,0,762.0,0
0,0,0,0,762.0,0
0,0,0,0,762.0,0
0,0,0,0,762.0,0
0,1,1,1,670.0,1
0,0,0,0,762.0,0
0,0,0,0,762.0,0
0,0,0,0,762.0,0
0,0,0,0,762.0,0
0,0,0,0,762.0,0
0,0,0,0,762.0,0
0,0,0,0,762.0,0
0,0,0,0,762.0,0
0,0,0,0,762.0,0
0,0,0,0,762.0,0
0,0,0,0,762.0,0
0,0,0,0,762.0,0
0,0,0,0,762.0,0
0,0,0,0,762.0,0
0,0,0,0,762.0,0
0,0,0,0,762.0,0
0,0,0,0,762.0,0
0,0,0,0,762.0,0
0,0,0,0,762.0,0
0,0,0,0,762.0,0
0,0,0,0,762.0,0
0,0,0,0,762.0,0
0,0,0,0,762.0,0
0,0,0,0,762.0,0
0,0,0,0,762.0,0
0,0,0,0,762.0,0
0,0,0,0,762.0,0
0,0,0,0,762.0,0
0,0,0,0,762.0,0
0,0,0,0,762.0,0
0,0,0,0,762.0,0
0,0,0,0,762.0,0
0,0,0,0,762.0,0
0,0,0,0,762.0,0
0,0,0,0,762.0,0
0,0,0,0,762.0,0
0,0,0,0,762.0,0
0,0,0,0,762.0,0
0,0,0,0,762.0,0
0,0,0,0,762.0,0
0,0,0,0,762.0,0
0,0,0,0,762.0,0
0,0,0,0,762.0,0
0,0,0,0,762.0,0
0,0,0,0,762.0,0
0,0,0,0,762.0,0
0,0,0,0,762.0,0
0,0,0,0,762.0,0
0,0,0,0,762.0,0
0,0,0,0,762.0,0
0,0,0,0,762.0,0
0,0,0,0,762.0,0
0,0,0,0,762.0,0
0,0,0,0,762.0,0
0,0,0,0,762.0,0
0,0,0,0,762.0,0
0,0,0,0,762.0,0
0,0,0,0,762.0,0
0,0,0,0,762.0,0
0,0,0,0,762.0,0
0,0,0,0,762.0,0
0,1,1,1,668.0,1
0,0,0,0,762.0,0
0,0,0,0,762.0,0
0,0,0,0,762.0,0
0,0,0,0,762.0,0
0,0,0,0,762.0,0
0,0,0,0,762.0,0
0,0,0,0,762.0,0
0,0,0,0,762.0,0
1,1,1,1,720.0,1
0,0,0,0,762.0,0
0,0,0,0,762.0,0
0,0,0,0,762.0,0
0,0,0,0,762.0,0
0,0,0,0,762.0,0
0,0,0,0,762.0,0
0,0,0,0,762.0,0
0,0,0,0,762.0,0
0,0,0,0,762.0,0
0,0,0,0,762.0,0
0,0,0,0,762.0,0
0,1,0,1,724.0,1
0,0,0,0,762.0,0
0,0,0,0,762.0,0
0,0,0,0,762.0,0
0,0,0,0,762.0,0
0,0,0,0,762.0,0
0,0,0,0,762.0,0
0,0,0,0,762.0,0
0,0,0,0,762.0,0
0,0,0,0,762.0,0
0,0,0,0,762.0,0
0,0,0,0,762.0,0
0,0,0,0,762.0,0
0,0,0,0,762.0,0
0,0,0,0,762.0,0
0,0,0,0,762.0,0
0,0,0,0,762.0,0
0,0,0,0,762.0,0
0,0,0,0,762.0,0
0,0,0,0,762.0,0
0,0,0,0,762.0,0
0,0,0,0,762.0,0
0,0,0,0,762.0,0
0,0,0,0,762.0,0
0,0,0,0,762.0,0
0,0,0,0,762.0,0
0,0,0,0,762.0,0
0,0,0,0,762.0,0
0,0,0,0,762.0,0
0,0,0,0,762.0,0
0,0,0,0,762.0,0
0,0,0,0,762.0,0
0,0,0,0,762.0,0
0,0,0,0,762.0,0
0,0,0,0,762.0,0
0,0,0,0,762.0,0
0,0,0,0,762.0,0
0,0,0,0,762.0,0
0,0,0,0,762.0,0
0,0,0,0,762.0,0
0,0,0,0,762.0,0
0,0,0,0,762.0,0
0,0,0,0,762.0,0
0,0,0,0,762.0,0
0,0,0,0,762.0,0
0,0,0,0,762.0,0
0,0,0,0,762.0,0
0,0,0,0,762.0,0
0,0,0,0,762.0,0
0,0,0,0,762.0,0
0,0,0,0,762.0,0
0,0,0,0,762.0,0
0,0,0,0,762.0,0
0,0,0,0,762.0,0
0,0,0,0,762.0,0
0,0,0,0,762.0,0
0,0,0,0,762.0,0
0,0,0,0,762.0,0
0,0,0,0,762.0,0
0,0,0,0,762.0,0
0,0,0,0,762.0,0
0,0,0,0,762.0,0
0,0,0,0,762.0,0
0,0,0,0,762.0,0
0,0,0,0,762.0,0
0,0,0,0,762.0,0
0,0,0,0,762.0,0
0,0,0,0,762.0,0
0,0,0,0,762.0,0
0,0,0,0,762.0,0
0,0,0,0,762.0,0
0,0,0,0,762.0,0
0,0,0,0,762.0,0
0,0,0,0,762.0,0
0,0,0,0,762.0,0
0,0,0,0,762.0,0
0,0,0,0,762.0,0
0,0,0,0,762.0,0
0,0,0,0,762.0,0
0,0,0,0,762.0,0
0,0,0,0,762.0,0
0,0,0,0,762.0,0
0,0,0,0,762.0,0
0,0,0,0,762.0,0
0,0,0,0,762.0,0
0,0,0,0,762.0,0
0,0,0,0,762.0,0
0,0,0,0,762.0,0
0,0,0,0,762.0,0
0,0,0,0,762.0,0
0,1,0,1,670.0,1
0,0,0,0,762.0,0
0,0,0,0,762.0,0
0,0,0,0,762.0,0
0,0,0,0,762.0,0
0,0,0,0,762.0,0
0,0,0,0,762.0,0
0,0,0,0,762.0,0
0,0,0,0,762.0,0
0,0,0,0,762.0,0
0,0,0,0,762.0,0
0,0,0,0,762.0,0
0,0,0,0,762.0,0
0,0,0,0,762.0,0
0,0,0,0,762.0,0
0,0,0,0,762.0,0
0,0,0,0,762.0,0
0,0,0,0,762.0,0
0,0,0,0,762.0,0
0,0,0,0,762.0,0
0,0,0,0,762.0,0
0,0,0,0,762.0,0
0,0,0,0,762.0,0
0,0,0,0,762.0,0
0,0,0,0,762.0,0
0,0,0,0,762.0,0
0,0,0,0,762.0,0
0,0,0,0,762.0,0
0,0,0,0,762.0,0
0,0,0,0,762.0,0
0,0,0,0,762.0,0
0,0,0,0,762.0,0
0,0,0,0,762.0,0
0,0,0,0,762.0,0
0,0,0,0,762.0,0
0,0,0,0,762.0,0
0,0,0,0,762.0,0
0,0,0,0,762.0,0
0,0,0,0,762.0,0
0,0,0,0,762.0,0
0,0,0,0,762.0,0
0,0,0,0,762.0,0
0,0,0,0,762.0,0
0,0,0,0,762.0,0
0,0,0,0,762.0,0
0,0,0,0,762.0,0
0,0,0,0,762.0,0
0,0,0,0,762.0,0
0,0,0,0,762.0,0
0,0,0,0,762.0,0
0,0,0,0,762.0,0
0,0,0,0,762.0,0
0,0,0,0,762.0,0
0,0,0,0,762.0,0
0,0,0,0,762.0,0
0,0,0,0,762.0,0
0,0,0,0,762.0,0
0,0,0,0,762.0,0
0,0,0,0,762.0,0
0,0,0,0,762.0,0
0,0,0,0,762.0,0
0,0,0,0,762.0,0
0,0,0,0,762.0,0
0,0,0,0,762.0,0
0,0,0,0,762.0,0
0,0,0,0,762.0,0
0,0,0,0,762.0,0
0,0,0,0,762.0,0
0,0,0,0,762.0,0
0,0,0,0,762.0,0
0,0,0,0,762.0,0
0,0,0,0,762.0,0
0,0,0,0,762.0,0
0,0,0,0,762.0,0
0,0,0,0,762.0,0
0,0,0,0,762.0,0
0,0,0,0,762.0,0
0,0,0,0,762.0,0
0,0,0,0,762.0,0
0,0,0,0,762.0,0
0,0,0,0,762.0,0
0,0,0,0,762.0,0
0,0,0,0,762.0,0
0,0,0,0,762.0,0
0,0,0,0,762.0,0
0,0,0,0,762.0,0
0,0,0,0,762.0,0
0,0,0,0,762.0,0
0,0,0,0,762.0,0
0,0,0,0,762.0,0
0,0,0,0,762.0,0
0,0,0,0,762.0,0
0,0,0,0,762.0,0
0,0,0,0,762.0,0
0,0,0,0,762.0,0
0,0,0,0,762.0,0
0,0,0,0,762.0,0
0,0,0,0,762.0,0
0,0,0,0,762.0,0
0,0,0,0,762.0,0
0,0,0,0,762.0,0
0,0,0,0,762.0,0
0,0,0,0,762.0,0
0,0,0,0,762.0,0
0,0,0,0,762.0,0
0,0,0,0,762.0,0
0,0,0,0,762.0,0
0,0,0,0,762.0,0
0,0,0,0,762.0,0
0,0,0,0,762.0,0
0,0,0,0,762.0,0
1,1,1,1,750.0,1
0,0,0,0,762.0,0
0,0,0,0,762.0,0
0,0,0,0,762.0,0
0,0,0,0,762.0,0
0,0,0,0,762.0,0
0,0,0,0,762.0,0
0,0,0,0,762.0,0
0,0,0,0,762.0,0
0,0,0,0,762.0,0
0,0,0,0,762.0,0
0,0,0,0,762.0,0
0,0,0,0,762.0,0
0,0,0,0,762.0,0
0,0,0,0,762.0,0
0,0,0,0,762.0,0
0,0,0,0,762.0,0
0,0,0,0,762.0,0
0,0,0,0,762.0,0
0,0,0,0,762.0,0
0,0,0,0,762.0,0
0,0,0,0,762.0,0
0,0,0,0,762.0,0
0,0,0,0,762.0,0
0,0,0,0,762.0,0
0,0,0,0,762.0,0
0,0,0,0,762.0,0
0,0,0,0,762.0,0
0,0,0,0,762.0,0
0,0,0,0,762.0,0
0,0,0,0,762.0,0
0,0,0,0,762.0,0
0,0,0,0,762.0,0
0,0,0,0,762.0,0
0,0,0,0,762.0,0
0,0,0,0,762.0,0
0,0,0,0,762.0,0
0,0,0,0,762.0,0
0,0,0,0,762.0,0
0,0,0,0,762.0,0
0,0,0,0,762.0,0
0,0,0,0,762.0,0
0,0,0,0,762.0,0
0,0,0,0,762.0,0
0,0,0,0,762.0,0
0,0,0,0,762.0,0
1,1,1,1,750.0,1
0,0,0,0,762.0,0
0,0,0,0,762.0,0
0,0,0,0,762.0,0
0,0,0,0,762.0,0
0,0,0,0,762.0,0
0,0,0,0,762.0,0
0,0,0,0,762.0,0
0,0,0,0,762.0,0
0,0,0,0,762.0,0
0,0,0,0,762.0,0
0,0,0,0,762.0,0
0,0,0,0,762.0,0
0,0,0,0,762.0,0
0,0,0,0,762.0,0
0,0,0,0,762.0,0
0,0,0,0,762.0,0
0,0,0,0,762.0,0
0,0,0,0,762.0,0
0,0,0,0,762.0,0
0,0,0,0,762.0,0
0,0,0,0,762.0,0
0,0,0,0,762.0,0
0,0,0,0,762.0,0
0,0,0,0,762.0,0
0,0,0,0,762.0,0
0,0,0,0,762.0,0
0,1,1,0,762.0,0
0,0,0,0,762.0,0
0,0,0,0,762.0,0
0,0,0,0,762.0,0
0,0,0,0,762.0,0
0,0,0,0,762.0,0
0,0,0,0,762.0,0
0,0,0,0,762.0,0
0,0,0,0,762.0,0
0,0,0,0,762.0,0
0,0,0,0,762.0,0
0,0,0,0,762.0,0
0,0,0,0,762.0,0
0,0,0,0,762.0,0
0,0,0,0,762.0,0
0,0,0,0,762.0,0
0,0,0,0,762.0,0
0,0,0,0,762.0,0
0,0,0,0,762.0,0
0,0,0,0,762.0,0
0,0,0,0,762.0,0
0,0,0,0,762.0,0
0,0,0,0,762.0,0
0,0,0,0,762.0,0
0,0,0,0,762.0,0
0,0,0,0,762.0,0
0,0,0,0,762.0,0
0,0,0,0,762.0,0
0,0,0,0,762.0,0
0,0,0,0,762.0,0
0,0,0,0,762.0,0
0,0,0,0,762.0,0
0,0,0,0,762.0,0
0,0,0,0,762.0,0
0,0,0,0,762.0,0
0,0,0,0,762.0,0
0,0,0,0,762.0,0
0,0,0,0,762.0,0
0,0,0,0,762.0,0
1,1,1,1,622.0,1
0,0,0,0,762.0,0
0,0,0,0,762.0,0
0,0,0,0,762.0,0
0,0,0,0,762.0,0
0,0,0,0,762.0,0
0,0,0,0,762.0,0
0,0,0,0,762.0,0
0,0,0,0,762.0,0
1,0,1,0,762.0,0
0,0,0,0,762.0,0
0,0,0,0,762.0,0
0,0,0,0,762.0,0
0,0,0,0,762.0,0
0,0,0,0,762.0,0
0,0,0,0,762.0,0
0,0,0,0,762.0,0
0,0,0,0,762.0,0
0,0,0,0,762.0,0
0,0,0,0,762.0,0
0,0,0,0,762.0,0
0,0,0,0,762.0,0
0,0,0,0,762.0,0
0,0,0,0,762.0,0
0,0,0,0,762.0,0
0,0,0,0,762.0,0
0,0,0,0,762.0,0
0,0,0,0,762.0,0
0,0,0,0,762.0,0
0,0,0,0,762.0,0
0,0,0,0,762.0,0
0,0,0,0,762.0,0
0,0,0,0,762.0,0
0,0,0,0,762.0,0
0,0,0,0,762.0,0
0,0,0,0,762.0,0
0,0,0,0,762.0,0
0,0,0,0,762.0,0
0,0,0,0,762.0,0
0,0,0,0,762.0,0
0,0,0,0,762.0,0
0,0,0,0,762.0,0
0,0,0,0,762.0,0
0,0,0,0,762.0,0
1,1,1,1,720.0,1
0,0,0,0,762.0,0
0,0,0,0,762.0,0
0,0,0,0,762.0,0
0,0,0,0,762.0,0
0,0,0,0,762.0,0
0,0,0,0,762.0,0
0,0,0,0,762.0,0
0,0,0,0,762.0,0
0,0,0,0,762.0,0
0,0,0,0,762.0,0
0,0,0,0,762.0,0
0,0,0,0,762.0,0
0,0,0,0,762.0,0
0,0,0,0,762.0,0
0,0,0,0,762.0,0
0,0,0,0,762.0,0
0,0,0,0,762.0,0
0,0,0,0,762.0,0
0,0,0,0,762.0,0
0,0,0,0,762.0,0
0,0,1,0,762.0,0
0,0,0,0,762.0,0
0,0,0,0,762.0,0
0,0,0,0,762.0,0
0,0,0,0,762.0,0
0,0,0,0,762.0,0
0,0,0,0,762.0,0
0,0,0,0,762.0,0
0,0,0,0,762.0,0
0,0,0,0,762.0,0
0,0,0,0,762.0,0
0,0,0,0,762.0,0
0,0,0,0,762.0,0
0,0,0,0,762.0,0
0,0,0,0,762.0,0
0,0,0,0,762.0,0
0,0,0,0,762.0,0
0,0,0,0,762.0,0
0,0,0,0,762.0,0
0,0,0,0,762.0,0
0,0,0,0,762.0,0
0,0,0,0,762.0,0
0,0,0,0,762.0,0
0,0,0,0,762.0,0
0,0,0,0,762.0,0
0,0,0,0,762.0,0
0,0,0,0,762.0,0
0,0,0,0,762.0,0
0,0,0,0,762.0,0
0,0,0,0,762.0,0
0,0,0,0,762.0,0
0,0,0,0,762.0,0
0,0,0,0,762.0,0
0,0,0,0,762.0,0
0,0,0,0,762.0,0
0,0,0,0,762.0,0
0,0,0,0,762.0,0
0,0,0,0,762.0,0
0,0,0,0,762.0,0
0,0,0,0,762.0,0
0,0,0,0,762.0,0
0,0,0,0,762.0,0
0,0,0,0,762.0,0
0,0,0,0,762.0,0
0,0,0,0,762.0,0
0,0,0,0,762.0,0
0,0,0,0,762.0,0
0,0,0,0,762.0,0
0,0,0,0,762.0,0
0,0,0,0,762.0,0
0,0,0,0,762.0,0
0,0,0,0,762.0,0
0,0,0,0,762.0,0
0,0,0,0,762.0,0
0,0,0,0,762.0,0
0,0,0,0,762.0,0
0,0,0,0,762.0,0
0,0,0,0,762.0,0
0,0,0,0,762.0,0
0,0,0,0,762.0,0
0,0,0,0,762.0,0
0,0,0,0,762.0,0
0,0,0,0,762.0,0
0,0,0,0,762.0,0
0,0,0,0,762.0,0
0,0,0,0,762.0,0
0,0,0,0,762.0,0
0,0,0,0,762.0,0
0,0,0,0,762.0,0
0,0,0,0,762.0,0
0,0,0,0,762.0,0
0,0,0,0,762.0,0
0,0,0,0,762.0,0
0,0,0,0,762.0,0
0,0,0,0,762.0,0
0,0,0,0,762.0,0
0,0,0,0,762.0,0
0,0,0,0,762.0,0
0,0,0,0,762.0,0
0,0,0,0,762.0,0
0,0,0,0,762.0,0
0,0,0,0,762.0,0
0,0,0,0,762.0,0
0,0,0,0,762.0,0
0,0,0,0,762.0,0
0,0,0,0,762.0,0
0,0,0,0,762.0,0
0,0,0,0,762.0,0
0,0,0,0,762.0,0
0,0,0,0,762.0,0
0,0,0,0,762.0,0
0,0,0,0,762.0,0
0,0,0,0,762.0,0
0,0,0,0,762.0,0
0,0,0,0,762.0,0
0,0,0,0,762.0,0
0,0,0,0,762.0,0
0,0,0,0,762.0,0
0,0,0,0,762.0,0
1,1,0,1,760.0,1
0,0,0,0,762.0,0
0,0,0,0,762.0,0
0,0,0,0,762.0,0
0,0,0,0,762.0,0
0,0,0,0,762.0,0
0,0,0,0,762.0,0
0,0,0,0,762.0,0
0,0,0,0,762.0,0
0,0,0,0,762.0,0
0,0,0,0,762.0,0
0,0,0,0,762.0,0
0,0,0,0,762.0,0
0,0,0,0,762.0,0
0,0,0,0,762.0,0
0,0,0,0,762.0,0
0,0,0,0,762.0,0
0,0,0,0,762.0,0
0,0,0,0,762.0,0
0,0,0,0,762.0,0
0,0,0,0,762.0,0
0,0,0,0,762.0,0
0,0,0,0,762.0,0
0,0,0,0,762.0,0
0,0,0,0,762.0,0
0,0,0,0,762.0,0
0,0,0,0,762.0,0
0,0,0,0,762.0,0
0,0,0,0,762.0,0
0,0,0,0,762.0,0
0,0,0,0,762.0,0
0,0,0,0,762.0,0
0,0,0,0,762.0,0
0,0,0,0,762.0,0
0,0,0,0,762.0,0
0,0,0,0,762.0,0
0,0,0,0,762.0,0
0,0,0,0,762.0,0
0,0,0,0,762.0,0
0,0,0,0,762.0,0
0,0,0,0,762.0,0
0,0,0,0,762.0,0
0,0,0,0,762.0,0
0,0,0,0,762.0,0
0,0,0,0,762.0,0
0,0,0,0,762.0,0
0,0,0,0,762.0,0
0,0,0,0,762.0,0
0,0,0,0,762.0,0
0,0,0,0,762.0,0
0,0,0,0,762.0,0
0,0,0,0,762.0,0
0,0,0,0,762.0,0
0,0,0,0,762.0,0
0,0,0,0,762.0,0
0,0,0,0,762.0,0
0,0,0,0,762.0,0
0,0,0,0,762.0,0
0,0,0,0,762.0,0
0,0,0,0,762.0,0
0,0,0,0,762.0,0
0,0,1,0,762.0,0
0,0,0,0,762.0,0
0,0,0,0,762.0,0
0,0,0,0,762.0,0
0,0,0,0,762.0,0
0,0,0,0,762.0,0
0,0,0,0,762.0,0
0,0,0,0,762.0,0
0,0,0,0,762.0,0
0,0,0,0,762.0,0
0,0,0,0,762.0,0
0,0,0,0,762.0,0
0,0,0,0,762.0,0
0,0,0,0,762.0,0
0,0,0,0,762.0,0
0,0,0,0,762.0,0
0,0,0,0,762.0,0
0,0,0,0,762.0,0
0,0,0,0,762.0,0
0,0,0,0,762.0,0
0,1,0,1,762.0,1
0,0,0,0,762.0,0
0,0,0,0,762.0,0
0,0,0,0,762.0,0
0,0,0,0,762.0,0
0,0,0,0,762.0,0
0,0,0,0,762.0,0
0,0,0,0,762.0,0
0,0,0,0,762.0,0
0,0,0,0,762.0,0
0,0,0,0,762.0,0
0,0,0,0,762.0,0
0,0,0,0,762.0,0
0,0,0,0,762.0,0
0,0,0,0,762.0,0
0,0,0,0,762.0,0
0,0,0,0,762.0,0
0,0,0,0,762.0,0
0,0,0,0,762.0,0
0,0,0,0,762.0,0
0,0,0,0,762.0,0
0,0,0,0,762.0,0
0,0,0,0,762.0,0
0,0,0,0,762.0,0
0,0,0,0,762.0,0
0,0,0,0,762.0,0
0,0,0,0,762.0,0
0,0,0,0,762.0,0
0,0,0,0,762.0,0
0,0,0,0,762.0,0
0,0,0,0,762.0,0
0,0,0,0,762.0,0
0,0,0,0,762.0,0
0,0,0,0,762.0,0
0,0,0,0,762.0,0
0,0,0,0,762.0,0
0,0,0,0,762.0,0
0,0,0,0,762.0,0
0,0,0,0,762.0,0
0,0,0,0,762.0,0
0,0,0,0,762.0,0
0,0,0,0,762.0,0
0,0,0,0,762.0,0
0,0,0,0,762.0,0
0,0,0,0,762.0,0
0,0,0,0,762.0,0
0,0,0,0,762.0,0
0,0,0,0,762.0,0
0,0,0,0,762.0,0
0,0,0,0,762.0,0
0,0,0,0,762.0,0
0,0,0,0,762.0,0
0,0,0,0,762.0,0
0,0,0,0,762.0,0
0,0,0,0,762.0,0
0,0,0,0,762.0,0
0,0,0,0,762.0,0
0,0,0,0,762.0,0
0,0,0,0,762.0,0
0,0,0,0,762.0,0
0,0,0,0,762.0,0
0,0,0,0,762.0,0
0,0,0,0,762.0,0
0,0,0,0,762.0,0
0,0,0,0,762.0,0
0,0,0,0,762.0,0
0,0,0,0,762.0,0
0,0,0,0,762.0,0
0,0,0,0,762.0,0
0,0,0,0,762.0,0
0,0,0,0,762.0,0
0,0,0,0,762.0,0
0,0,0,0,762.0,0
0,0,0,0,762.0,0
0,0,0,0,762.0,0
0,0,0,0,762.0,0
0,0,0,0,762.0,0
0,0,0,0,762.0,0
0,0,0,0,762.0,0
0,0,0,0,762.0,0
0,0,0,0,762.0,0
0,0,0,0,762.0,0
0,0,0,0,762.0,0
0,0,0,0,762.0,0
0,0,0,0,762.0,0
0,0,0,0,762.0,0
0,0,0,0,762.0,0
0,0,0,0,762.0,0
0,0,0,0,762.0,0
0,0,0,0,762.0,0
0,0,0,0,762.0,0
0,0,0,0,762.0,0
0,0,0,0,762.0,0
0,0,0,0,762.0,0
0,0,0,0,762.0,0
0,0,0,0,762.0,0
0,0,0,0,762.0,0
0,0,0,0,762.0,0
0,0,0,0,762.0,0
0,0,0,0,762.0,0
0,0,0,0,762.0,0
0,0,0,0,762.0,0
0,0,0,0,762.0,0
0,0,0,0,762.0,0
0,0,0,0,762.0,0
0,0,0,0,762.0,0
0,0,0,0,762.0,0
0,0,0,0,762.0,0
0,0,0,0,762.0,0
0,0,0,0,762.0,0
0,0,0,0,762.0,0
0,0,0,0,762.0,0
0,0,0,0,762.0,0
0,0,0,0,762.0,0
0,0,0,0,762.0,0
0,0,0,0,762.0,0
0,0,0,0,762.0,0
0,0,0,0,762.0,0
0,0,0,0,762.0,0
0,0,0,0,762.0,0
0,0,0,0,762.0,0
0,0,0,0,762.0,0
0,0,0,0,762.0,0
0,0,0,0,762.0,0
0,0,0,0,762.0,0
0,0,0,0,762.0,0
0,0,0,0,762.0,0
0,0,0,0,762.0,0
0,0,0,0,762.0,0
0,0,0,0,762.0,0
0,0,0,0,762.0,0
0,0,0,0,762.0,0
0,0,0,0,762.0,0
0,0,0,0,762.0,0
0,0,0,0,762.0,0
0,0,0,0,762.0,0
0,0,0,0,762.0,0
0,0,0,0,762.0,0
0,0,0,0,762.0,0
0,0,0,0,762.0,0
0,0,0,0,762.0,0
0,0,0,0,762.0,0
0,0,0,0,762.0,0
0,0,0,0,762.0,0
0,0,0,0,762.0,0
0,0,0,0,762.0,0
0,0,0,0,762.0,0
0,0,0,0,762.0,0
0,0,0,0,762.0,0
0,0,0,0,762.0,0
0,0,0,0,762.0,0
0,0,0,0,762.0,0
0,0,0,0,762.0,0
0,0,0,0,762.0,0
0,0,0,0,762.0,0
0,0,0,0,762.0,0
0,0,0,0,762.0,0
0,0,0,0,762.0,0
0,0,0,0,762.0,0
0,0,0,0,762.0,0
0,0,0,0,762.0,0
0,0,0,0,762.0,0
0,0,0,0,762.0,0
0,0,0,0,762.0,0
0,0,0,0,762.0,0
0,0,0,0,762.0,0
0,0,0,0,762.0,0
0,0,0,0,762.0,0
0,0,0,0,762.0,0
0,0,0,0,762.0,0
0,0,0,0,762.0,0
0,0,0,0,762.0,0
0,0,0,0,762.0,0
0,0,0,0,762.0,0
0,0,0,0,762.0,0
0,0,0,0,762.0,0
0,0,0,0,762.0,0
0,0,0,0,762.0,0
0,0,0,0,762.0,0
0,0,0,0,762.0,0
0,0,0,0,762.0,0
0,0,0,0,762.0,0
0,0,0,0,762.0,0
0,0,0,0,762.0,0
0,0,0,0,762.0,0
0,0,0,0,762.0,0
0,0,0,0,762.0,0
0,0,0,0,762.0,0
0,0,0,0,762.0,0
0,0,0,0,762.0,0
0,0,0,0,762.0,0
0,0,0,0,762.0,0
0,0,0,0,762.0,0
0,0,0,0,762.0,0
0,0,0,0,762.0,0
0,0,0,0,762.0,0
0,0,0,0,762.0,0
0,0,0,0,762.0,0
0,0,0,0,762.0,0
0,0,0,0,762.0,0
0,0,0,0,762.0,0
0,0,0,0,762.0,0
0,0,0,0,762.0,0
0,0,0,0,762.0,0
0,0,0,0,762.0,0
0,0,0,0,762.0,0
0,0,0,0,762.0,0
0,0,0,0,762.0,0
0,0,0,0,762.0,0
0,0,0,0,762.0,0
0,0,0,0,762.0,0
0,0,0,0,762.0,0
0,0,0,0,762.0,0
0,0,0,0,762.0,0
0,0,0,0,762.0,0
0,0,0,0,762.0,0
0,0,0,0,762.0,0
0,0,0,0,762.0,0
0,0,0,0,762.0,0
0,0,0,0,762.0,0
0,0,0,0,762.0,0
0,0,0,0,762.0,0
0,0,0,0,762.0,0
0,0,0,0,762.0,0
0,0,0,0,762.0,0
0,0,0,0,762.0,0
0,0,0,0,762.0,0
0,0,0,0,762.0,0
0,0,0,0,762.0,0
0,0,0,0,762.0,0
0,0,0,0,762.0,0
0,0,0,0,762.0,0
0,0,0,0,762.0,0
0,0,0,0,762.0,0
0,0,0,0,762.0,0
0,0,0,0,762.0,0
0,0,0,0,762.0,0
0,0,0,0,762.0,0
0,0,0,0,762.0,0
0,0,0,0,762.0,0
0,0,0,0,762.0,0
0,0,0,0,762.0,0
0,0,0,0,762.0,0
0,0,0,0,762.0,0
0,0,0,0,762.0,0
0,0,0,0,762.0,0
0,0,0,0,762.0,0
0,0,0,0,762.0,0
0,0,0,0,762.0,0
0,0,0,0,762.0,0
0,0,0,0,762.0,0
0,0,0,0,762.0,0
0,0,0,0,762.0,0
0,0,0,0,762.0,0
0,0,0,0,762.0,0
0,0,0,0,762.0,0
0,0,0,0,762.0,0
0,0,0,0,762.0,0
0,0,0,0,762.0,0
0,0,0,0,762.0,0
0,0,0,0,762.0,0
0,0,0,0,762.0,0
0,0,0,0,762.0,0
0,0,0,0,762.0,0
0,0,0,0,762.0,0
0,0,0,0,762.0,0
0,0,0,0,762.0,0
0,0,0,0,762.0,0
0,0,0,0,762.0,0
0,0,0,0,762.0,0
0,0,0,0,762.0,0
0,0,0,0,762.0,0
0,0,0,0,762.0,0
0,0,0,0,762.0,0
0,0,0,0,762.0,0
0,0,0,0,762.0,0
0,0,0,0,762.0,0
0,0,0,0,762.0,0
0,0,0,0,762.0,0
0,0,0,0,762.0,0
0,0,0,0,762.0,0
0,0,0,0,762.0,0
0,0,0,0,762.0,0
0,0,0,0,762.0,0
0,0,0,0,762.0,0
0,0,0,0,762.0,0
0,0,0,0,762.0,0
0,0,0,0,762.0,0
0,0,0,0,762.0,0
0,0,0,0,762.0,0
0,0,0,0,762.0,0
0,0,0,0,762.0,0
0,0,0,0,762.0,0
0,0,0,0,762.0,0
0,0,0,0,762.0,0
0,0,0,0,762.0,0
0,0,0,0,762.0,0
0,0,0,0,762.0,0
0,0,0,0,762.0,0
0,0,0,0,762.0,0
0,0,0,0,762.0,0
0,0,0,0,762.0,0
0,0,0,0,762.0,0
0,0,0,0,762.0,0
0,0,0,0,762.0,0
0,0,0,0,762.0,0
0,0,0,0,762.0,0
0,0,0,0,762.0,0
0,0,0,0,762.0,0
0,0,0,0,762.0,0
0,0,0,0,762.0,0
0,0,0,0,762.0,0
0,0,0,0,762.0,0
0,0,0,0,762.0,0
0,0,0,0,762.0,0
0,0,0,0,762.0,0
0,0,0,0,762.0,0
0,0,0,0,762.0,0
0,0,0,0,762.0,0
0,0,0,0,762.0,0
0,0,0,0,762.0,0
0,0,0,0,762.0,0
0,0,0,0,762.0,0
0,0,0,0,762.0,0
0,0,0,0,762.0,0
0,0,0,0,762.0,0
0,0,0,0,762.0,0
0,0,0,0,762.0,0
0,0,0,0,762.0,0
0,0,0,0,762.0,0
0,0,0,0,762.0,0
0,0,0,0,762.0,0
0,0,0,0,762.0,0
0,0,0,0,762.0,0
0,0,0,0,762.0,0
0,0,0,0,762.0,0
0,0,0,0,762.0,0
0,0,0,0,762.0,0
0,0,0,0,762.0,0
0,0,0,0,762.0,0
0,0,0,0,762.0,0
0,0,0,0,762.0,0
0,0,0,0,762.0,0
0,0,0,0,762.0,0
0,0,0,0,762.0,0
0,0,0,0,762.0,0
0,0,0,0,762.0,0
0,0,0,0,762.0,0
0,0,0,0,762.0,0
0,0,0,0,762.0,0
0,0,0,0,762.0,0
0,0,0,0,762.0,0
0,0,0,0,762.0,0
0,0,0,0,762.0,0
0,0,0,0,762.0,0
0,0,0,0,762.0,0
0,0,0,0,762.0,0
0,0,0,0,762.0,0
1,0,0,0,762.0,0
0,0,0,0,762.0,0
0,0,0,0,762.0,0
0,0,0,0,762.0,0
0,0,0,0,762.0,0
0,0,0,0,762.0,0
0,0,0,0,762.0,0
0,0,0,0,762.0,0
0,0,0,0,762.0,0
0,0,0,0,762.0,0
0,0,0,0,762.0,0
0,0,0,0,762.0,0
0,0,0,0,762.0,0
0,0,0,0,762.0,0
0,0,0,0,762.0,0
0,0,0,0,762.0,0
0,0,0,0,762.0,0
0,0,0,0,762.0,0
0,0,0,0,762.0,0
0,0,0,0,762.0,0
0,0,0,0,762.0,0
0,0,0,0,762.0,0
0,0,0,0,762.0,0
0,0,0,0,762.0,0
0,0,0,0,762.0,0
0,0,0,0,762.0,0
0,0,0,0,762.0,0
0,0,0,0,762.0,0
0,0,0,0,762.0,0
0,0,0,0,762.0,0
0,0,0,0,762.0,0
0,0,0,0,762.0,0
0,0,0,0,762.0,0
0,0,0,0,762.0,0
0,0,0,0,762.0,0
0,0,0,0,762.0,0
0,0,0,0,762.0,0
0,0,0,0,762.0,0
0,0,0,0,762.0,0
0,0,0,0,762.0,0
0,0,0,0,762.0,0
0,0,0,0,762.0,0
0,0,0,0,762.0,0
0,0,0,0,762.0,0
0,0,0,0,762.0,0
0,0,0,0,762.0,0
0,0,0,0,762.0,0
0,0,0,0,762.0,0
0,0,0,0,762.0,0
0,0,0,0,762.0,0
0,0,0,0,762.0,0
0,0,0,0,762.0,0
0,0,0,0,762.0,0
0,0,0,0,762.0,0
0,0,0,0,762.0,0
0,0,0,0,762.0,0
0,0,0,0,762.0,0
0,0,0,0,762.0,0
0,0,0,0,762.0,0
0,0,0,0,762.0,0
0,0,0,0,762.0,0
0,0,0,0,762.0,0
0,0,0,0,762.0,0
0,0,0,0,762.0,0
0,0,0,0,762.0,0
0,0,0,0,762.0,0
0,0,0,0,762.0,0
0,0,0,0,762.0,0
0,0,0,0,762.0,0
0,0,0,0,762.0,0
0,0,0,0,762.0,0
0,0,0,0,762.0,0
0,0,0,0,762.0,0
0,0,0,0,762.0,0
0,0,0,0,762.0,0
0,0,0,0,762.0,0
0,0,0,0,762.0,0
0,0,0,0,762.0,0
0,0,0,0,762.0,0
0,0,0,0,762.0,0
0,0,0,0,762.0,0
0,0,0,0,762.0,0
0,0,0,0,762.0,0
0,0,0,0,762.0,0
0,0,0,0,762.0,0
0,0,0,0,762.0,0
0,0,0,0,762.0,0
0,0,0,0,762.0,0
0,0,0,0,762.0,0
0,0,0,0,762.0,0
0,0,0,0,762.0,0
0,0,0,0,762.0,0
0,0,0,0,762.0,0
0,0,0,0,762.0,0
0,0,0,0,762.0,0
0,0,0,0,762.0,0
0,0,0,0,762.0,0
0,0,0,0,762.0,0
0,0,0,0,762.0,0
0,0,0,0,762.0,0
0,0,0,0,762.0,0
0,0,0,0,762.0,0
0,0,0,0,762.0,0
0,0,0,0,762.0,0
0,0,0,0,762.0,0
0,0,0,0,762.0,0
0,0,0,0,762.0,0
0,0,0,0,762.0,0
0,0,0,0,762.0,0
0,0,0,0,762.0,0
0,0,0,0,762.0,0
0,0,0,0,762.0,0
0,0,0,0,762.0,0
0,0,0,0,762.0,0
0,0,0,0,762.0,0
0,0,0,0,762.0,0
0,0,0,0,762.0,0
0,0,0,0,762.0,0
0,0,0,0,762.0,0
0,0,0,0,762.0,0
0,0,0,0,762.0,0
0,0,0,0,762.0,0
0,0,0,0,762.0,0
0,0,0,0,762.0,0
0,0,0,0,762.0,0
0,0,0,0,762.0,0
0,0,0,0,762.0,0
0,0,0,0,762.0,0
0,0,0,0,762.0,0
0,0,0,0,762.0,0
0,0,0,0,762.0,0
0,0,0,0,762.0,0
0,0,0,0,762.0,0
0,0,0,0,762.0,0
0,0,0,0,762.0,0
0,0,0,0,762.0,0
0,0,0,0,762.0,0
0,0,0,0,762.0,0
0,0,0,0,762.0,0
0,0,0,0,762.0,0
0,0,0,0,762.0,0
0,0,0,0,762.0,0
0,0,0,0,762.0,0
0,0,0,0,762.0,0
0,0,0,0,762.0,0
0,0,0,0,762.0,0
0,0,0,0,762.0,0
0,0,0,0,762.0,0
0,0,0,0,762.0,0
0,0,0,0,762.0,0
0,0,0,0,762.0,0
0,0,0,0,762.0,0
0,0,0,0,762.0,0
0,0,0,0,762.0,0
0,0,0,0,762.0,0
0,0,0,0,762.0,0
0,0,0,0,762.0,0
0,0,0,0,762.0,0
0,0,0,0,762.0,0
0,0,0,0,762.0,0
0,0,0,0,762.0,0
0,0,0,0,762.0,0
0,0,0,0,762.0,0
0,0,0,0,762.0,0
0,0,0,0,762.0,0
0,0,0,0,762.0,0
0,0,0,0,762.0,0
0,0,0,0,762.0,0
0,0,0,0,762.0,0
0,0,0,0,762.0,0
0,0,0,0,762.0,0
0,0,0,0,762.0,0
0,0,0,0,762.0,0
0,0,0,0,762.0,0
0,0,0,0,762.0,0
0,0,0,0,762.0,0
0,0,0,0,762.0,0
0,0,0,0,762.0,0
0,0,0,0,762.0,0
0,0,0,0,762.0,0
0,0,0,0,762.0,0
0,0,0,0,762.0,0
0,0,0,0,762.0,0
0,0,0,0,762.0,0
0,0,0,0,762.0,0
0,0,0,0,762.0,0
0,0,0,0,762.0,0
0,0,0,0,762.0,0
0,0,0,0,762.0,0
0,0,0,0,762.0,0
0,0,0,0,762.0,0
0,0,0,0,762.0,0
0,0,0,0,762.0,0
0,0,0,0,762.0,0
0,0,0,0,762.0,0
0,0,0,0,762.0,0
0,0,0,0,762.0,0
0,0,0,0,762.0,0
0,0,0,0,762.0,0
0,0,0,0,762.0,0
0,0,0,0,762.0,0
0,0,0,0,762.0,0
0,0,0,0,762.0,0
0,0,0,0,762.0,0
0,0,0,0,762.0,0
0,0,0,0,762.0,0
0,0,0,0,762.0,0
0,0,0,0,762.0,0
0,0,0,0,762.0,0
0,0,0,0,762.0,0
0,0,0,0,762.0,0
0,0,0,0,762.0,0
0,0,0,0,762.0,0
0,0,0,0,762.0,0
0,0,0,0,762.0,0
0,0,0,0,762.0,0
0,0,0,0,762.0,0
0,0,0,0,762.0,0
0,0,0,0,762.0,0
0,0,0,0,762.0,0
0,0,0,0,762.0,0
0,0,0,0,762.0,0
0,0,0,0,762.0,0
0,0,0,0,762.0,0
0,0,0,0,762.0,0
0,0,0,0,762.0,0
0,0,0,0,762.0,0
0,0,0,0,762.0,0
0,0,0,0,762.0,0
0,0,0,0,762.0,0
0,0,0,0,762.0,0
0,0,0,0,762.0,0
0,0,0,0,762.0,0
0,0,0,0,762.0,0
0,0,0,0,762.0,0
0,0,0,0,762.0,0
0,0,0,0,762.0,0
0,0,0,0,762.0,0
0,0,0,0,762.0,0
0,0,0,0,762.0,0
0,0,0,0,762.0,0
0,0,0,0,762.0,0
0,0,0,0,762.0,0
0,0,0,0,762.0,0
0,0,0,0,762.0,0
0,0,0,0,762.0,0
0,0,0,0,762.0,0
0,0,0,0,762.0,0
0,0,0,0,762.0,0
0,0,0,0,762.0,0
0,0,0,0,762.0,0
0,0,0,0,762.0,0
0,0,0,0,762.0,0
0,0,0,0,762.0,0
0,0,0,0,762.0,0
0,0,0,0,762.0,0
0,0,0,0,762.0,0
0,0,0,0,762.0,0
0,0,0,0,762.0,0
0,0,0,0,762.0,0
0,0,0,0,762.0,0
0,0,0,0,762.0,0
0,0,0,0,762.0,0
0,0,0,0,762.0,0
0,0,0,0,762.0,0
0,0,0,0,762.0,0
0,0,0,0,762.0,0
0,0,0,0,762.0,0
0,0,0,0,762.0,0
0,0,0,0,762.0,0
0,0,0,0,762.0,0
0,0,0,0,762.0,0
0,0,0,0,762.0,0
0,0,0,0,762.0,0
0,0,0,0,762.0,0
0,0,0,0,762.0,0
0,0,0,0,762.0,0
0,0,0,0,762.0,0
0,0,0,0,762.0,0
0,0,0,0,762.0,0
0,0,0,0,762.0,0
0,0,0,0,762.0,0
0,0,0,0,762.0,0
0,0,0,0,762.0,0
0,0,0,0,762.0,0
0,0,0,0,762.0,0
0,0,0,0,762.0,0
0,0,0,0,762.0,0
0,0,0,0,762.0,0
0,0,0,0,762.0,0
0,0,0,0,762.0,0
0,0,0,0,762.0,0
0,0,0,0,762.0,0
0,0,0,0,762.0,0
0,0,0,0,762.0,0
0,0,0,0,762.0,0
0,0,0,0,762.0,0
0,0,0,0,762.0,0
0,0,0,0,762.0,0
0,0,0,0,762.0,0
0,0,0,0,762.0,0
0,0,0,0,762.0,0
0,0,0,0,762.0,0
0,0,0,0,762.0,0
0,0,0,0,762.0,0
0,0,0,0,762.0,0
0,0,0,0,762.0,0
0,0,0,0,762.0,0
0,0,0,0,762.0,0
0,0,0,0,762.0,0
0,0,0,0,762.0,0
0,0,0,0,762.0,0
0,0,0,0,762.0,0
0,0,0,0,762.0,0
0,0,0,0,762.0,0
0,0,0,0,762.0,0
0,0,0,0,762.0,0
0,0,0,0,762.0,0
0,0,0,0,762.0,0
0,0,0,0,762.0,0
0,0,0,0,762.0,0
0,0,0,0,762.0,0
0,0,0,0,762.0,0
0,0,0,0,762.0,0
0,0,0,0,762.0,0
0,0,0,0,762.0,0
0,0,0,0,762.0,0
0,0,0,0,762.0,0
0,0,0,0,762.0,0
0,0,0,0,762.0,0
0,0,0,0,762.0,0
0,0,0,0,762.0,0
0,0,0,0,762.0,0
0,0,0,0,762.0,0
0,0,0,0,762.0,0
0,0,0,0,762.0,0
0,0,0,0,762.0,0
0,0,0,0,762.0,0
0,0,0,0,762.0,0
0,0,0,0,762.0,0
0,0,0,0,762.0,0
0,0,0,0,762.0,0
0,0,0,0,762.0,0
0,0,0,0,762.0,0
0,0,0,0,762.0,0
0,0,0,0,762.0,0
0,0,0,0,762.0,0
0,0,0,0,762.0,0
0,0,0,0,762.0,0
0,0,0,0,762.0,0
0,0,0,0,762.0,0
0,0,0,0,762.0,0
0,0,0,0,762.0,0
0,0,0,0,762.0,0
0,0,0,0,762.0,0
0,0,0,0,762.0,0
0,0,0,0,762.0,0
0,0,0,0,762.0,0
0,0,0,0,762.0,0
0,0,0,0,762.0,0
0,0,0,0,762.0,0
0,0,0,0,762.0,0
0,0,0,0,762.0,0
0,0,0,0,762.0,0
0,0,0,0,762.0,0
0,0,0,0,762.0,0
0,0,0,0,762.0,0
0,0,0,0,762.0,0
0,0,0,0,762.0,0
0,0,0,0,762.0,0
0,0,0,0,762.0,0
0,0,0,0,762.0,0
0,0,0,0,762.0,0
0,0,0,0,762.0,0
0,0,0,0,762.0,0
0,0,0,0,762.0,0
0,0,0,0,762.0,0
0,0,0,0,762.0,0
0,0,0,0,762.0,0
0,0,0,0,762.0,0
0,0,0,0,762.0,0
0,0,0,0,762.0,0
0,0,0,0,762.0,0
0,0,0,0,762.0,0
0,0,0,0,762.0,0
0,0,0,0,762.0,0
0,0,0,0,762.0,0
0,0,0,0,762.0,0
0,0,0,0,762.0,0
0,0,0,0,762.0,0
0,0,0,0,762.0,0
0,0,0,0,762.0,0
0,0,0,0,762.0,0
0,0,0,0,762.0,0
0,0,0,0,762.0,0
0,0,0,0,762.0,0
0,0,0,0,762.0,0
0,0,0,0,762.0,0
0,0,0,0,762.0,0
0,0,0,0,762.0,0
0,0,0,0,762.0,0
0,0,0,0,762.0,0
0,0,0,0,762.0,0
0,0,0,0,762.0,0
0,0,0,0,762.0,0
0,0,0,0,762.0,0
0,0,0,0,762.0,0
0,0,0,0,762.0,0
0,0,0,0,762.0,0
0,0,0,0,762.0,0
0,0,0,0,762.0,0
0,0,0,0,762.0,0
0,0,0,0,762.0,0
0,0,0,0,762.0,0
0,0,0,0,762.0,0
0,0,0,0,762.0,0
0,0,0,0,762.0,0
0,0,0,0,762.0,0
0,0,0,0,762.0,0
0,0,0,0,762.0,0
0,0,0,0,762.0,0
0,0,0,0,762.0,0
0,0,0,0,762.0,0
0,0,0,0,762.0,0
0,0,0,0,762.0,0
0,0,0,0,762.0,0
0,0,0,0,762.0,0
0,0,0,0,762.0,0
0,0,0,0,762.0,0
0,0,0,0,762.0,0
0,0,0,0,762.0,0
0,0,0,0,762.0,0
