A,S,J,O,R,P
0,0,0,0,0,1.0
0,0,0,0,0,1.0
0,0,0,0,0,1.0
0,0,0,0,0,1.0
0,0,0,0,0,1.0
0,0,0,0,0,1.0
0,0,0,0,0,1.0
0,0,0,0,0,1.0
0,0,0,0,0,1.0
0,0,0,0,0,1.0
0,0,0,0,0,1.0
0,0,0,0,0,1.0
0,0,0,0,0,1.0
0,0,0,0,0,1.0
0,1,0,0,0,1.0
0,0,0,0,0,1.0
0,0,0,0,0,1.0
0,0,0,0,0,1.0
0,0,0,0,0,1.0
0,0,0,0,0,1.0
0,0,0,0,0,1.0
0,0,0,0,0,1.0
0,0,0,0,0,1.0
0,0,0,0,0,1.0
0,0,0,0,0,1.0
0,0,0,0,0,1.0
0,0,0,0,0,1.0
0,0,0,0,0,1.0
0,0,0,0,0,1.0
0,0,0,0,0,1.0
0,0,0,0,0,1.0
0,0,0,0,0,1.0
0,0,0,0,0,1.0
0,0,0,0,0,1.0
0,0,0,0,0,1.0
0,0,0,0,0,1.0
0,0,0,0,0,1.0
0,0,0,0,0,1.0
0,0,0,0,0,1.0
0,0,0,0,0,1.0
0,0,0,0,0,1.0
0,0,0,0,0,1.0
0,0,0,0,0,1.0
0,0,0,0,0,1.0
0,0,0,0,0,1.0
0,0,0,0,0,1.0
0,0,0,0,0,1.0
0,0,0,0,0,1.0
0,0,0,0,0,1.0
0,0,0,0,0,1.0
0,0,0,0,0,1.0
0,0,0,0,0,1.0
0,1,0,0,0,1.0
0,0,0,0,0,1.0
0,0,0,0,0,1.0
0,0,0,0,0,1.0
0,0,0,0,0,1.0
0,0,0,0,0,1.0
0,0,0,0,0,1.0
0,0,0,0,0,1.0
0,0,0,0,0,1.0
0,0,0,0,0,1.0
0,0,0,0,0,1.0
0,0,0,0,0,1.0
0,0,0,0,0,1.0
0,0,0,0,0,1.0
0,0,0,0,0,1.0
1,0,0,0,0,1.0
0,0,0,0,0,1.0
0,0,0,0,0,1.0
0,0,0,0,0,1.0
0,0,0,0,0,1.0
0,0,0,0,0,1.0
0,0,0,0,0,1.0
0,1,0,0,0,1.0
0,0,0,0,0,1.0
0,0,0,0,0,1.0
0,0,0,0,0,1.0
0,0,0,0,0,1.0
0,0,0,0,0,1.0
0,0,0,0,0,1.0
0,0,0,0,0,1.0
0,0,0,0,0,1.0
0,0,0,0,0,1.0
0,0,0,0,0,1.0
0,0,0,0,0,1.0
0,0,0,0,0,1.0
0,0,0,0,0,1.0
0,0,0,0,0,1.0
0,0,0,0,0,1.0
0,0,0,0,0,1.0
0,0,0,0,0,1.0
0,0,0,0,0,1.0
0,0,0,0,0,1.0
0,0,0,0,0,1.0
0,0,0,0,0,1.0
0,0,0,0,0,1.0
0,0,0,0,0,1.0
0,0,0,0,0,1.0
0,0,0,0,0,1.0
0,0,0,0,0,1.0
0,0,0,0,0,1.0
0,0,0,0,0,1.0
0,0,0,0,0,1.0
0,0,0,0,0,1.0
0,0,0,0,0,1.0
0,0,0,0,0,1.0
0,0,0,0,0,1.0
0,0,0,0,0,1.0
0,0,0,0,0,1.0
0,0,0,0,0,1.0
0,0,0,0,0,1.0
0,0,0,0,0,1.0
0,0,0,0,0,1.0
0,0,0,0,0,1.0
0,0,0,0,0,1.0
0,0,0,0,0,1.0
0,0,0,0,0,1.0
0,0,0,0,0,1.0
0,0,0,0,0,1.0
0,0,0,0,0,1.0
0,0,1,0,0,1.0
0,0,0,0,0,1.0
0,0,0,0,0,1.0
0,0,1,0,0,1.0
0,0,0,0,0,1.0
0,0,0,0,0,1.0
0,0,0,0,0,1.0
0,0,0,0,0,1.0
0,0,0,0,0,1.0
0,0,0,0,0,1.0
0,0,0,0,0,1.0
0,0,0,0,0,1.0
0,0,0,0,0,1.0
0,0,0,0,0,1.0
0,0,0,0,0,1.0
0,0,0,0,0,1.0
0,0,0,0,0,1.0
1,1,0,1,1,1.0
0,0,0,0,0,1.0
0,0,0,0,0,1.0
0,0,0,0,0,1.0
0,0,0,0,0,1.0
0,0,0,0,0,1.0
0,0,0,0,0,1.0
0,0,0,0,0,1.0
0,0,0,0,0,1.0
0,0,0,0,0,1.0
0,0,0,0,0,1.0
0,0,0,0,0,1.0
0,0,0,0,0,1.0
0,0,0,0,0,1.0
0,0,0,0,0,1.0
0,0,0,0,0,1.0
0,0,0,0,0,1.0
0,0,0,0,0,1.0
0,1,0,0,0,1.0
0,0,0,0,0,1.0
0,0,0,0,0,1.0
0,0,0,0,0,1.0
0,0,0,0,0,1.0
0,0,0,0,0,1.0
1,1,1,1,1,1.0
0,0,0,0,0,1.0
0,0,0,0,0,1.0
0,0,0,0,0,1.0
0,0,0,0,0,1.0
0,0,0,0,0,1.0
0,0,0,0,0,1.0
0,0,0,0,0,1.0
0,0,0,0,0,1.0
0,0,1,0,0,1.0
0,0,0,0,0,1.0
0,0,0,0,0,1.0
0,0,0,0,0,1.0
0,0,0,0,0,1.0
0,0,0,0,0,1.0
0,0,0,0,0,1.0
0,0,0,0,0,1.0
0,0,0,0,0,1.0
0,0,0,0,0,1.0
0,0,0,0,0,1.0
0,0,0,0,0,1.0
0,0,0,0,0,1.0
1,1,0,0,1,0.0
0,0,0,0,0,1.0
0,0,0,0,0,1.0
0,0,0,0,0,1.0
0,0,0,0,0,1.0
0,0,0,0,0,1.0
0,0,1,0,0,1.0
0,0,0,0,0,1.0
0,0,0,0,0,1.0
0,0,0,0,0,1.0
0,0,0,0,0,1.0
0,0,0,0,0,1.0
0,0,0,0,0,1.0
0,0,0,0,0,1.0
0,0,1,0,0,1.0
0,0,0,0,0,1.0
0,0,0,0,0,1.0
0,0,0,0,0,1.0
0,0,0,0,0,1.0
0,0,1,0,0,1.0
0,0,0,0,0,1.0
0,0,0,0,0,1.0
0,0,0,0,0,1.0
0,0,0,0,0,1.0
0,0,0,0,0,1.0
0,0,0,0,0,1.0
0,0,0,0,0,1.0
0,0,0,0,0,1.0
0,0,0,0,0,1.0
0,0,0,0,0,1.0
0,0,0,0,0,1.0
0,0,0,0,0,1.0
0,0,0,0,0,1.0
0,0,0,0,0,1.0
0,0,0,0,0,1.0
0,0,0,0,0,1.0
0,0,0,0,0,1.0
0,0,0,0,0,1.0
0,0,0,0,0,1.0
0,0,0,0,0,1.0
0,0,0,0,0,1.0
0,0,0,0,0,1.0
0,0,0,0,0,1.0
0,0,0,0,0,1.0
0,0,0,0,0,1.0
0,0,0,0,0,1.0
0,0,0,0,0,1.0
0,0,0,0,0,1.0
0,0,1,0,0,1.0
0,0,1,0,0,1.0
0,0,0,0,0,1.0
0,0,0,0,0,1.0
0,0,0,0,0,1.0
0,0,0,0,0,1.0
0,0,0,0,0,1.0
0,0,0,0,0,1.0
0,0,0,0,0,1.0
0,0,0,0,0,1.0
0,0,0,0,0,1.0
0,1,0,0,0,1.0
0,0,0,0,0,1.0
0,0,0,0,0,1.0
0,0,0,0,0,1.0
0,0,0,0,0,1.0
0,0,0,0,0,1.0
1,1,0,1,1,1.0
0,0,0,0,0,1.0
0,0,0,0,0,1.0
0,0,0,0,0,1.0
0,0,0,0,0,1.0
1,1,0,1,1,1.0
0,0,0,0,0,1.0
0,0,0,0,0,1.0
0,0,0,0,0,1.0
0,0,0,0,0,1.0
0,0,0,0,0,1.0
0,0,1,0,0,1.0
0,0,0,0,0,1.0
0,0,0,0,0,1.0
0,0,0,0,0,1.0
0,0,0,0,0,1.0
0,0,0,0,0,1.0
0,0,0,0,0,1.0
0,0,0,0,0,1.0
0,0,0,0,0,1.0
1,1,1,1,1,1.0
0,0,0,0,0,1.0
0,0,0,0,0,1.0
0,0,0,0,0,1.0
0,0,0,0,0,1.0
0,0,0,0,0,1.0
0,0,0,0,0,1.0
0,0,0,0,0,1.0
0,0,0,0,0,1.0
0,0,0,0,0,1.0
0,0,0,0,0,1.0
0,0,0,0,0,1.0
0,0,0,0,0,1.0
0,0,0,0,0,1.0
0,0,0,0,0,1.0
0,0,0,0,0,1.0
0,0,0,0,0,1.0
0,0,0,0,0,1.0
0,0,0,0,0,1.0
0,0,0,0,0,1.0
0,0,0,0,0,1.0
0,0,0,0,0,1.0
0,0,0,0,0,1.0
0,0,0,0,0,1.0
0,0,0,0,0,1.0
0,0,0,0,0,1.0
0,0,0,0,0,1.0
0,0,0,0,0,1.0
0,0,0,0,0,1.0
0,0,0,0,0,1.0
0,0,0,0,0,1.0
0,0,0,0,0,1.0
0,0,0,0,0,1.0
0,0,0,0,0,1.0
0,0,0,0,0,1.0
0,0,0,0,0,1.0
0,0,0,0,0,1.0
0,0,0,0,0,1.0
0,0,0,0,0,1.0
0,0,0,0,0,1.0
0,0,0,0,0,1.0
0,0,0,0,0,1.0
0,1,0,0,0,1.0
0,0,0,0,0,1.0
0,0,0,0,0,1.0
0,0,0,0,0,1.0
0,0,0,0,0,1.0
0,0,0,0,0,1.0
0,0,0,0,0,1.0
0,0,0,0,0,1.0
0,0,0,0,0,1.0
0,0,0,0,0,1.0
0,0,0,0,0,1.0
0,0,0,0,0,1.0
0,0,0,0,0,1.0
0,0,0,0,0,1.0
0,0,0,0,0,1.0
0,0,0,0,0,1.0
0,0,0,0,0,1.0
0,0,0,0,0,1.0
0,0,0,0,0,1.0
0,0,0,0,0,1.0
0,0,0,0,0,1.0
0,0,1,0,0,1.0
0,0,0,0,0,1.0
0,0,0,0,0,1.0
0,0,0,0,0,1.0
0,0,0,0,0,1.0
0,0,0,0,0,1.0
0,0,0,0,0,1.0
0,0,0,0,0,1.0
0,0,0,0,0,1.0
0,0,0,0,0,1.0
0,1,1,0,1,0.0
0,0,0,0,0,1.0
0,0,0,0,0,1.0
0,0,0,0,0,1.0
0,0,0,0,0,1.0
0,0,0,0,0,1.0
0,0,0,0,0,1.0
0,0,0,0,0,1.0
0,0,0,0,0,1.0
0,0,0,0,0,1.0
0,0,0,0,0,1.0
0,0,0,0,0,1.0
0,1,0,0,0,1.0
0,0,0,0,0,1.0
0,0,1,0,0,1.0
0,0,0,0,0,1.0
0,0,0,0,0,1.0
0,0,0,0,0,1.0
0,0,0,0,0,1.0
0,0,0,0,0,1.0
0,0,0,0,0,1.0
0,1,0,1,1,1.0
0,0,0,0,0,1.0
0,0,0,0,0,1.0
0,0,0,0,0,1.0
0,0,0,0,0,1.0
0,0,0,0,0,1.0
0,0,0,0,0,1.0
0,0,0,0,0,1.0
0,0,0,0,0,1.0
0,0,0,0,0,1.0
0,0,0,0,0,1.0
0,0,0,0,0,1.0
0,0,0,0,0,1.0
0,0,0,0,0,1.0
0,0,1,0,0,1.0
0,0,0,0,0,1.0
0,0,0,0,0,1.0
0,0,0,0,0,1.0
0,0,0,0,0,1.0
0,0,0,0,0,1.0
0,0,0,0,0,1.0
0,0,1,0,0,1.0
0,0,0,0,0,1.0
0,0,0,0,0,1.0
0,0,0,0,0,1.0
0,0,0,0,0,1.0
0,0,0,0,0,1.0
0,0,1,0,0,1.0
0,0,0,0,0,1.0
0,0,0,0,0,1.0
0,0,0,0,0,1.0
0,0,0,0,0,1.0
0,0,0,0,0,1.0
0,0,0,0,0,1.0
0,0,0,0,0,1.0
0,0,0,0,0,1.0
1,1,1,1,1,1.0
0,0,0,0,0,1.0
0,0,0,0,0,1.0
0,0,0,0,0,1.0
0,0,0,0,0,1.0
0,1,0,0,0,1.0
0,0,0,0,0,1.0
0,0,0,0,0,1.0
0,0,0,0,0,1.0
0,0,0,0,0,1.0
0,0,0,0,0,1.0
0,0,0,0,0,1.0
0,0,0,0,0,1.0
0,0,0,0,0,1.0
0,0,0,0,0,1.0
0,0,0,0,0,1.0
0,1,0,0,0,1.0
0,0,0,0,0,1.0
1,0,0,0,1,0.0
0,0,0,0,0,1.0
0,0,0,0,0,1.0
0,0,0,0,0,1.0
0,0,0,0,0,1.0
0,0,0,0,0,1.0
0,0,0,0,0,1.0
0,1,0,0,1,0.0
0,0,0,0,0,1.0
0,0,0,0,0,1.0
0,0,0,0,0,1.0
0,0,0,0,0,1.0
0,0,0,0,0,1.0
0,0,0,0,0,1.0
0,0,0,0,0,1.0
0,0,0,0,0,1.0
0,0,1,0,0,1.0
0,0,0,0,0,1.0
0,0,0,0,0,1.0
0,0,0,0,0,1.0
0,0,0,0,0,1.0
0,0,0,0,0,1.0
0,0,0,0,0,1.0
0,0,0,0,0,1.0
0,0,0,0,0,1.0
0,0,0,0,0,1.0
0,0,0,0,0,1.0
0,0,1,0,0,1.0
0,0,0,0,0,1.0
0,0,0,0,0,1.0
0,0,0,0,0,1.0
0,0,0,0,0,1.0
0,0,0,0,0,1.0
0,0,0,0,0,1.0
0,0,0,0,0,1.0
0,0,0,0,0,1.0
0,0,0,0,0,1.0
0,0,0,0,0,1.0
0,0,0,0,0,1.0
0,0,0,0,0,1.0
0,0,0,0,0,1.0
0,0,0,0,0,1.0
1,1,0,0,1,0.0
0,0,0,0,0,1.0
0,1,1,1,1,0.0
0,0,0,0,0,1.0
0,0,0,0,0,1.0
0,0,0,0,0,1.0
0,0,0,0,0,1.0
0,0,0,0,0,1.0
0,0,0,0,0,1.0
0,0,0,0,0,1.0
0,0,0,0,0,1.0
0,0,0,0,0,1.0
0,0,0,0,0,1.0
0,0,0,0,0,1.0
0,0,0,0,0,1.0
0,0,0,0,0,1.0
0,0,0,0,0,1.0
0,0,0,0,0,1.0
0,1,0,0,0,1.0
0,0,1,0,0,1.0
0,0,0,0,0,1.0
0,0,0,0,0,1.0
0,0,0,0,0,1.0
0,0,0,0,0,1.0
0,0,0,0,0,1.0
0,0,0,0,0,1.0
0,0,1,0,0,1.0
0,0,0,0,0,1.0
0,0,0,0,0,1.0
0,0,0,0,0,1.0
0,0,0,0,0,1.0
0,0,1,0,0,1.0
0,0,0,0,0,1.0
0,0,0,0,0,1.0
0,0,0,0,0,1.0
0,0,0,0,0,1.0
0,0,0,0,0,1.0
0,0,0,0,0,1.0
0,0,0,0,0,1.0
1,1,0,1,1,1.0
0,0,0,0,0,1.0
0,0,0,0,0,1.0
0,0,0,0,0,1.0
0,0,0,0,0,1.0
0,0,0,0,0,1.0
0,0,0,0,0,1.0
0,0,0,0,0,1.0
0,0,0,0,0,1.0
0,0,0,0,0,1.0
0,0,0,0,0,1.0
0,0,0,0,0,1.0
0,0,0,0,0,1.0
0,0,0,0,0,1.0
0,0,0,0,0,1.0
0,0,0,0,0,1.0
0,0,0,0,0,1.0
0,0,0,0,0,1.0
0,0,0,0,0,1.0
0,0,0,0,0,1.0
0,0,0,0,0,1.0
0,0,0,0,0,1.0
0,0,0,0,0,1.0
0,0,0,0,0,1.0
0,0,0,0,0,1.0
0,0,0,0,0,1.0
0,0,0,0,0,1.0
0,0,0,0,0,1.0
0,0,0,0,0,1.0
0,0,0,0,0,1.0
0,0,0,0,0,1.0
0,0,0,0,0,1.0
0,0,0,0,0,1.0
0,0,0,0,0,1.0
0,0,0,0,0,1.0
0,0,0,0,0,1.0
0,0,0,0,0,1.0
1,1,0,1,1,1.0
0,0,0,0,0,1.0
0,0,0,0,0,1.0
0,0,0,0,0,1.0
0,0,0,0,0,1.0
0,0,0,0,0,1.0
0,0,0,0,0,1.0
0,0,0,0,0,1.0
0,0,0,0,0,1.0
0,0,0,0,0,1.0
0,0,0,0,0,1.0
0,0,0,0,0,1.0
0,0,0,0,0,1.0
0,0,0,0,0,1.0
1,0,0,0,0,1.0
0,0,0,0,0,1.0
0,0,0,0,0,1.0
0,0,0,0,0,1.0
0,1,0,0,0,1.0
0,0,0,0,0,1.0
1,1,1,1,1,1.0
0,0,1,0,0,1.0
0,0,0,0,0,1.0
0,0,0,0,0,1.0
0,0,0,0,0,1.0
0,0,0,0,0,1.0
0,0,0,0,0,1.0
0,0,0,0,0,1.0
0,0,0,0,0,1.0
0,0,0,0,0,1.0
0,0,0,0,0,1.0
0,0,0,0,0,1.0
0,0,0,0,0,1.0
0,0,0,0,0,1.0
0,0,1,0,0,1.0
0,0,0,0,0,1.0
0,0,0,0,0,1.0
0,0,0,0,0,1.0
0,0,0,0,0,1.0
1,0,0,0,0,1.0
0,0,0,0,0,1.0
0,0,0,0,0,1.0
0,0,0,0,0,1.0
0,0,0,0,0,1.0
0,0,0,0,0,1.0
0,0,0,0,0,1.0
0,0,0,0,0,1.0
0,0,0,0,0,1.0
0,0,0,0,0,1.0
0,1,0,1,1,1.0
0,0,0,0,0,1.0
0,0,0,0,0,1.0
0,0,0,0,0,1.0
0,0,0,0,0,1.0
0,0,1,0,0,1.0
0,0,1,0,0,1.0
0,0,0,0,0,1.0
0,0,0,0,0,1.0
0,0,1,0,0,1.0
1,0,1,0,0,1.0
0,0,0,0,0,1.0
0,0,0,0,0,1.0
0,0,0,0,0,1.0
0,0,0,0,0,1.0
0,0,0,0,0,1.0
0,0,0,0,0,1.0
0,0,0,0,0,1.0
0,0,0,0,0,1.0
0,0,0,0,0,1.0
0,0,0,0,0,1.0
0,0,1,0,0,1.0
0,0,1,0,0,1.0
0,0,0,0,0,1.0
0,0,0,0,0,1.0
0,0,0,0,0,1.0
0,0,0,0,0,1.0
0,0,0,0,0,1.0
0,0,0,0,0,1.0
0,0,0,0,0,1.0
0,0,0,0,0,1.0
0,0,0,0,0,1.0
0,0,0,0,0,1.0
0,0,0,0,0,1.0
0,0,0,0,0,1.0
0,0,0,0,0,1.0
0,0,0,0,0,1.0
0,0,0,0,0,1.0
0,0,0,0,0,1.0
0,0,0,0,0,1.0
0,0,0,0,0,1.0
0,0,0,0,0,1.0
0,0,0,0,0,1.0
0,0,0,0,0,1.0
0,0,0,0,0,1.0
0,0,0,0,0,1.0
0,0,0,0,0,1.0
0,0,0,0,0,1.0
0,0,0,0,0,1.0
0,0,0,0,0,1.0
0,0,0,0,0,1.0
0,0,1,0,0,1.0
0,0,1,0,0,1.0
0,0,0,0,0,1.0
0,0,1,0,0,1.0
0,0,0,0,0,1.0
0,0,0,0,0,1.0
0,0,0,0,0,1.0
0,0,0,0,0,1.0
0,0,0,0,0,1.0
0,0,0,0,0,1.0
0,0,0,0,0,1.0
0,0,0,0,0,1.0
0,0,0,0,0,1.0
0,0,0,0,0,1.0
0,0,0,0,0,1.0
0,0,0,0,0,1.0
0,0,0,0,0,1.0
0,0,0,0,0,1.0
0,0,0,0,0,1.0
0,0,0,0,0,1.0
0,0,0,0,0,1.0
0,0,0,0,0,1.0
0,0,0,0,0,1.0
0,0,0,0,0,1.0
0,0,0,0,0,1.0
0,0,0,0,0,1.0
0,0,0,0,0,1.0
0,0,0,0,0,1.0
0,0,0,0,0,1.0
0,0,0,0,0,1.0
0,0,0,0,0,1.0
0,0,0,0,0,1.0
0,0,0,0,0,1.0
0,0,0,0,0,1.0
0,0,0,0,0,1.0
0,0,0,0,0,1.0
0,0,0,0,0,1.0
0,0,0,0,0,1.0
0,0,0,0,0,1.0
0,0,0,0,0,1.0
0,0,0,0,0,1.0
0,0,0,0,0,1.0
0,0,0,0,0,1.0
0,0,0,0,0,1.0
0,0,0,0,0,1.0
0,0,0,0,0,1.0
0,0,0,0,0,1.0
0,0,0,0,0,1.0
0,0,0,0,0,1.0
0,0,0,0,0,1.0
1,1,1,1,1,1.0
0,0,0,0,0,1.0
0,0,0,0,0,1.0
0,0,0,0,0,1.0
0,0,0,0,0,1.0
0,0,0,0,0,1.0
0,0,0,0,0,1.0
0,0,0,0,0,1.0
0,0,0,0,0,1.0
0,0,0,0,0,1.0
0,0,0,0,0,1.0
0,0,0,0,0,1.0
0,0,0,0,0,1.0
0,0,0,0,0,1.0
0,0,1,0,0,1.0
0,0,0,0,0,1.0
0,0,0,0,0,1.0
0,0,0,0,0,1.0
0,0,0,0,0,1.0
0,0,0,0,0,1.0
0,0,0,0,0,1.0
0,0,0,0,0,1.0
0,0,0,0,0,1.0
0,0,0,0,0,1.0
0,0,0,0,0,1.0
0,0,0,0,0,1.0
0,0,0,0,0,1.0
0,0,0,0,0,1.0
0,0,0,0,0,1.0
0,0,0,0,0,1.0
0,0,0,0,0,1.0
0,0,0,0,0,1.0
0,0,0,0,0,1.0
0,0,0,0,0,1.0
0,0,0,0,0,1.0
0,0,0,0,0,1.0
0,0,0,0,0,1.0
0,0,0,0,0,1.0
1,0,0,0,0,1.0
0,0,0,0,0,1.0
0,0,0,0,0,1.0
0,0,0,0,0,1.0
0,0,0,0,0,1.0
0,0,0,0,0,1.0
0,0,0,0,0,1.0
0,0,0,0,0,1.0
0,0,0,0,0,1.0
0,0,0,0,0,1.0
0,0,0,0,0,1.0
0,0,0,0,0,1.0
0,0,0,0,0,1.0
0,0,0,0,0,1.0
0,0,0,0,0,1.0
0,0,0,0,0,1.0
0,0,0,0,0,1.0
0,0,0,0,0,1.0
0,0,0,0,0,1.0
0,0,0,0,0,1.0
0,0,0,0,0,1.0
0,0,0,0,0,1.0
0,0,0,0,0,1.0
0,0,0,0,0,1.0
0,0,0,0,0,1.0
0,0,0,0,0,1.0
0,0,0,0,0,1.0
0,0,0,0,0,1.0
0,1,0,0,0,1.0
0,0,0,0,0,1.0
0,0,0,0,0,1.0
0,0,0,0,0,1.0
0,0,1,0,0,1.0
0,0,0,0,0,1.0
0,0,0,0,0,1.0
0,0,0,0,0,1.0
0,0,0,0,0,1.0
0,0,1,0,0,1.0
0,0,0,0,0,1.0
0,0,1,0,0,1.0
0,0,0,0,0,1.0
0,0,0,0,0,1.0
0,0,0,0,0,1.0
0,0,0,0,0,1.0
0,0,0,0,0,1.0
0,0,0,0,0,1.0
0,0,0,0,0,1.0
0,0,0,0,0,1.0
0,0,0,0,0,1.0
0,0,0,0,0,1.0
0,0,0,0,0,1.0
0,0,0,0,0,1.0
0,0,0,0,0,1.0
0,0,0,0,0,1.0
0,0,0,0,0,1.0
0,0,0,0,0,1.0
0,0,0,0,0,1.0
0,0,0,0,0,1.0
0,0,0,0,0,1.0
0,0,0,0,0,1.0
0,0,0,0,0,1.0
0,0,0,0,0,1.0
0,0,0,0,0,1.0
0,0,0,0,0,1.0
0,0,0,0,0,1.0
0,0,0,0,0,1.0
0,0,0,0,0,1.0
0,0,0,0,0,1.0
0,0,0,0,0,1.0
0,0,0,0,0,1.0
0,0,0,0,0,1.0
0,0,0,0,0,1.0
0,0,0,0,0,1.0
0,0,0,0,0,1.0
0,0,0,0,0,1.0
0,0,0,0,0,1.0
0,0,0,0,0,1.0
0,0,0,0,0,1.0
0,0,0,0,0,1.0
0,0,0,0,0,1.0
0,0,0,0,0,1.0
0,0,0,0,0,1.0
0,0,0,0,0,1.0
0,0,0,0,0,1.0
0,0,0,0,0,1.0
0,0,0,0,0,1.0
0,0,0,0,0,1.0
0,0,0,0,0,1.0
0,0,0,0,0,1.0
0,0,0,0,0,1.0
0,0,1,0,0,1.0
0,0,0,0,0,1.0
0,0,0,0,0,1.0
0,0,0,0,0,1.0
0,0,0,0,0,1.0
0,0,0,0,0,1.0
0,0,0,0,0,1.0
0,0,0,0,0,1.0
0,0,0,0,0,1.0
0,0,0,0,0,1.0
0,0,0,0,0,1.0
0,0,0,0,0,1.0
0,0,0,0,0,1.0
0,0,0,0,0,1.0
0,0,0,0,0,1.0
0,0,0,0,0,1.0
0,0,0,0,0,1.0
0,0,0,0,0,1.0
0,0,0,0,0,1.0
0,0,0,0,0,1.0
0,0,0,0,0,1.0
0,0,0,0,0,1.0
0,0,0,0,0,1.0
0,0,0,0,0,1.0
0,0,0,0,0,1.0
0,0,0,0,0,1.0
0,0,0,0,0,1.0
0,0,0,0,0,1.0
0,0,0,0,0,1.0
0,0,0,0,0,1.0
0,0,0,0,0,1.0
0,0,0,0,0,1.0
0,0,0,0,0,1.0
0,0,0,0,0,1.0
0,0,0,0,0,1.0
0,0,0,0,0,1.0
0,0,0,0,0,1.0
0,0,0,0,0,1.0
0,0,0,0,0,1.0
0,0,0,0,0,1.0
0,0,0,0,0,1.0
0,0,0,0,0,1.0
0,0,0,0,0,1.0
0,0,0,0,0,1.0
0,0,0,0,0,1.0
0,0,0,0,0,1.0
0,0,0,0,0,1.0
0,0,0,0,0,1.0
0,0,0,0,0,1.0
0,0,0,0,0,1.0
0,0,0,0,0,1.0
0,0,0,0,0,1.0
0,0,0,0,0,1.0
0,0,0,0,0,1.0
0,0,0,0,0,1.0
0,0,0,0,0,1.0
0,0,0,0,0,1.0
0,0,0,0,0,1.0
0,0,0,0,0,1.0
0,0,0,0,0,1.0
0,0,0,0,0,1.0
0,0,0,0,0,1.0
0,0,0,0,0,1.0
0,0,0,0,0,1.0
0,0,0,0,0,1.0
0,0,0,0,0,1.0
0,0,0,0,0,1.0
0,0,0,0,0,1.0
0,0,0,0,0,1.0
0,0,0,0,0,1.0
0,0,0,0,0,1.0
0,0,0,0,0,1.0
0,0,0,0,0,1.0
0,0,0,0,0,1.0
0,0,0,0,0,1.0
0,0,0,0,0,1.0
0,0,0,0,0,1.0
0,0,0,0,0,1.0
0,0,0,0,0,1.0
0,0,0,0,0,1.0
0,0,0,0,0,1.0
0,0,0,0,0,1.0
0,0,1,0,0,1.0
0,0,0,0,0,1.0
0,0,1,0,0,1.0
0,0,1,0,0,1.0
0,0,1,0,0,1.0
0,0,0,0,0,1.0
1,1,1,1,1,1.0
0,0,0,0,0,1.0
0,0,0,0,0,1.0
0,0,0,0,0,1.0
1,1,1,1,1,1.0
0,0,0,0,0,1.0
0,0,0,0,0,1.0
0,0,0,0,0,1.0
0,0,0,0,0,1.0
0,0,0,0,0,1.0
0,0,0,0,0,1.0
0,0,0,0,0,1.0
0,0,0,0,0,1.0
0,0,1,0,0,1.0
0,0,0,0,0,1.0
0,0,0,0,0,1.0
0,0,0,0,0,1.0
0,0,0,0,0,1.0
0,0,0,0,0,1.0
0,0,0,0,0,1.0
0,0,0,0,0,1.0
0,0,0,0,0,1.0
0,0,0,0,0,1.0
0,0,0,0,0,1.0
0,0,0,0,0,1.0
0,0,1,0,0,1.0
0,0,0,0,0,1.0
0,0,0,0,0,1.0
0,0,0,0,0,1.0
0,0,1,0,0,1.0
0,0,1,0,0,1.0
0,0,0,0,0,1.0
0,0,0,0,0,1.0
0,0,0,0,0,1.0
0,0,0,0,0,1.0
0,0,1,0,0,1.0
0,0,0,0,0,1.0
0,0,0,0,0,1.0
0,0,0,0,0,1.0
0,0,0,0,0,1.0
0,0,0,0,0,1.0
0,0,0,0,0,1.0
1,1,0,1,1,1.0
0,0,0,0,0,1.0
0,0,0,0,0,1.0
0,0,0,0,0,1.0
1,0,1,0,1,0.0
0,0,0,0,0,1.0
0,0,0,0,0,1.0
0,0,0,0,0,1.0
0,0,0,0,0,1.0
0,0,0,0,0,1.0
0,0,0,0,0,1.0
0,0,0,0,0,1.0
0,0,0,0,0,1.0
0,0,0,0,0,1.0
0,0,0,0,0,1.0
0,0,0,0,0,1.0
0,0,0,0,0,1.0
0,0,0,0,0,1.0
0,0,0,0,0,1.0
0,0,0,0,0,1.0
0,0,0,0,0,1.0
0,0,0,0,0,1.0
0,0,0,0,0,1.0
0,0,0,0,0,1.0
0,0,0,0,0,1.0
0,0,0,0,0,1.0
0,0,0,0,0,1.0
0,0,0,0,0,1.0
0,0,0,0,0,1.0
0,0,0,0,0,1.0
0,0,0,0,0,1.0
0,0,0,0,0,1.0
0,0,0,0,0,1.0
0,0,0,0,0,1.0
0,0,0,0,0,1.0
0,0,0,0,0,1.0
0,0,0,0,0,1.0
0,0,0,0,0,1.0
0,0,0,0,0,1.0
0,0,0,0,0,1.0
0,0,0,0,0,1.0
0,0,0,0,0,1.0
0,0,0,0,0,1.0
0,0,0,0,0,1.0
0,0,0,0,0,1.0
0,0,0,0,0,1.0
0,0,0,0,0,1.0
0,0,0,0,0,1.0
0,0,0,0,0,1.0
0,0,0,0,0,1.0
0,0,0,0,0,1.0
0,0,0,0,0,1.0
0,0,0,0,0,1.0
0,0,0,0,0,1.0
0,0,0,0,0,1.0
0,0,0,0,0,1.0
0,0,0,0,0,1.0
0,0,0,0,0,1.0
0,0,0,0,0,1.0
0,0,0,0,0,1.0
1,0,0,0,0,1.0
0,0,0,0,0,1.0
0,0,0,0,0,1.0
0,0,0,0,0,1.0
0,0,0,0,0,1.0
0,0,0,0,0,1.0
0,0,0,0,0,1.0
0,0,0,0,0,1.0
0,0,0,0,0,1.0
0,0,0,0,0,1.0
0,0,0,0,0,1.0
0,0,0,0,0,1.0
0,0,0,0,0,1.0
0,0,0,0,0,1.0
0,0,0,0,0,1.0
0,0,0,0,0,1.0
0,0,0,0,0,1.0
0,0,0,0,0,1.0
0,0,0,0,0,1.0
0,0,0,0,0,1.0
0,0,0,0,0,1.0
0,0,0,0,0,1.0
0,0,0,0,0,1.0
0,0,0,0,0,1.0
0,0,0,0,0,1.0
0,0,0,0,0,1.0
0,0,0,0,0,1.0
0,0,0,0,0,1.0
0,0,0,0,0,1.0
0,0,0,0,0,1.0
0,0,0,0,0,1.0
0,0,0,0,0,1.0
0,0,0,0,0,1.0
0,0,0,0,0,1.0
0,0,0,0,0,1.0
0,0,0,0,0,1.0
0,0,0,0,0,1.0
0,0,0,0,0,1.0
0,0,0,0,0,1.0
0,0,0,0,0,1.0
0,0,0,0,0,1.0
0,0,0,0,0,1.0
0,0,0,0,0,1.0
0,0,0,0,0,1.0
1,1,0,1,1,1.0
0,0,0,0,0,1.0
0,0,0,0,0,1.0
0,0,0,0,0,1.0
0,0,0,0,0,1.0
0,0,0,0,0,1.0
0,0,0,0,0,1.0
0,0,0,0,0,1.0
0,0,0,0,0,1.0
0,0,0,0,0,1.0
0,0,0,0,0,1.0
0,0,0,0,0,1.0
0,0,0,0,0,1.0
0,0,0,0,0,1.0
0,0,0,0,0,1.0
0,0,0,0,0,1.0
0,0,0,0,0,1.0
0,0,0,0,0,1.0
0,0,0,0,0,1.0
0,0,0,0,0,1.0
0,0,0,0,0,1.0
0,0,0,0,0,1.0
0,0,0,0,0,1.0
0,0,0,0,0,1.0
0,0,0,0,0,1.0
0,0,0,0,0,1.0
0,0,0,0,0,1.0
0,0,0,0,0,1.0
0,0,0,0,0,1.0
0,0,0,0,0,1.0
0,0,0,0,0,1.0
0,0,0,0,0,1.0
0,0,0,0,0,1.0
0,0,0,0,0,1.0
0,0,0,0,0,1.0
0,0,0,0,0,1.0
0,0,0,0,0,1.0
0,0,0,0,0,1.0
0,0,0,0,0,1.0
0,1,0,1,1,1.0
0,0,0,0,0,1.0
0,0,0,0,0,1.0
0,0,0,0,0,1.0
0,0,0,0,0,1.0
0,0,0,0,0,1.0
0,0,0,0,0,1.0
0,0,0,0,0,1.0
0,0,0,0,0,1.0
1,1,0,1,1,1.0
0,0,0,0,0,1.0
0,0,0,0,0,1.0
0,0,0,0,0,1.0
0,0,0,0,0,1.0
0,0,0,0,0,1.0
0,0,1,0,0,1.0
0,0,0,0,0,1.0
0,0,0,0,0,1.0
0,0,0,0,0,1.0
0,0,0,0,0,1.0
0,0,0,0,0,1.0
0,0,0,0,0,1.0
0,0,0,0,0,1.0
0,0,0,0,0,1.0
0,0,0,0,0,1.0
0,0,0,0,0,1.0
0,0,0,0,0,1.0
0,0,0,0,0,1.0
0,0,0,0,0,1.0
0,0,1,0,0,1.0
0,0,0,0,0,1.0
0,0,0,0,0,1.0
0,0,0,0,0,1.0
0,0,0,0,0,1.0
0,0,0,0,0,1.0
0,0,0,0,0,1.0
0,0,0,0,0,1.0
0,0,0,0,0,1.0
0,0,0,0,0,1.0
0,0,0,0,0,1.0
1,1,0,1,1,1.0
0,0,0,0,0,1.0
0,0,0,0,0,1.0
0,0,0,0,0,1.0
0,0,0,0,0,1.0
0,0,0,0,0,1.0
0,0,0,0,0,1.0
0,0,0,0,0,1.0
0,0,0,0,0,1.0
1,1,0,1,1,1.0
0,0,0,0,0,1.0
0,0,0,0,0,1.0
0,0,0,0,0,1.0
0,0,0,0,0,1.0
0,0,0,0,0,1.0
0,0,0,0,0,1.0
0,0,0,0,0,1.0
0,0,0,0,0,1.0
0,0,0,0,0,1.0
0,0,0,0,0,1.0
1,1,0,1,1,1.0
0,0,0,0,0,1.0
0,0,0,0,0,1.0
1,1,1,0,1,0.0
0,0,0,0,0,1.0
0,0,0,0,0,1.0
0,0,0,0,0,1.0
0,0,0,0,0,1.0
0,0,0,0,0,1.0
0,0,0,0,0,1.0
0,0,0,0,0,1.0
0,0,0,0,0,1.0
0,0,0,0,0,1.0
0,0,0,0,0,1.0
0,0,0,0,0,1.0
0,0,0,0,0,1.0
0,0,0,0,0,1.0
0,0,0,0,0,1.0
0,0,0,0,0,1.0
0,1,0,1,1,1.0
0,0,1,0,0,1.0
0,0,0,0,0,1.0
0,0,0,0,0,1.0
0,0,0,0,0,1.0
0,0,0,0,0,1.0
0,0,0,0,0,1.0
0,0,0,0,0,1.0
0,0,0,0,0,1.0
0,0,0,0,0,1.0
0,0,0,0,0,1.0
0,0,0,0,0,1.0
0,0,0,0,0,1.0
0,0,0,0,0,1.0
1,1,0,1,1,1.0
0,0,0,0,0,1.0
0,0,0,0,0,1.0
0,0,0,0,0,1.0
0,0,0,0,0,1.0
0,0,0,0,0,1.0
0,0,0,0,0,1.0
0,0,0,0,0,1.0
0,0,0,0,0,1.0
0,0,0,0,0,1.0
0,0,0,0,0,1.0
0,0,0,0,0,1.0
0,0,0,0,0,1.0
0,0,0,0,0,1.0
0,0,0,0,0,1.0
1,1,0,1,1,1.0
0,0,0,0,0,1.0
0,0,0,0,0,1.0
0,0,0,0,0,1.0
0,0,0,0,0,1.0
1,0,0,0,0,1.0
0,0,0,0,0,1.0
0,0,0,0,0,1.0
0,0,0,0,0,1.0
0,0,0,0,0,1.0
0,0,0,0,0,1.0
0,0,0,0,0,1.0
0,0,0,0,0,1.0
0,0,0,0,0,1.0
0,0,0,0,0,1.0
0,0,0,0,0,1.0
0,0,0,0,0,1.0
0,0,0,0,0,1.0
0,0,0,0,0,1.0
0,0,0,0,0,1.0
0,0,0,0,0,1.0
0,0,0,0,0,1.0
0,0,0,0,0,1.0
0,0,0,0,0,1.0
0,0,0,0,0,1.0
0,0,0,0,0,1.0
0,0,0,0,0,1.0
0,0,0,0,0,1.0
0,0,0,0,0,1.0
0,0,0,0,0,1.0
0,0,0,0,0,1.0
0,0,0,0,0,1.0
0,0,0,0,0,1.0
0,0,0,0,0,1.0
0,0,0,0,0,1.0
0,0,0,0,0,1.0
0,0,0,0,0,1.0
0,0,0,0,0,1.0
0,0,0,0,0,1.0
0,0,0,0,0,1.0
0,0,0,0,0,1.0
0,0,0,0,0,1.0
0,0,0,0,0,1.0
0,0,0,0,0,1.0
0,0,0,0,0,1.0
0,0,0,0,0,1.0
0,0,0,0,0,1.0
1,0,0,0,1,0.0
0,0,0,0,0,1.0
0,0,0,0,0,1.0
0,0,0,0,0,1.0
0,0,0,0,0,1.0
0,0,0,0,0,1.0
0,0,0,0,0,1.0
0,0,0,0,0,1.0
0,0,0,0,0,1.0
0,0,0,0,0,1.0
0,0,0,0,0,1.0
0,0,0,0,0,1.0
0,0,0,0,0,1.0
0,0,0,0,0,1.0
0,0,1,0,0,1.0
0,0,0,0,0,1.0
0,0,0,0,0,1.0
0,0,0,0,0,1.0
0,0,0,0,0,1.0
0,0,0,0,0,1.0
0,0,0,0,0,1.0
0,0,0,0,0,1.0
0,0,0,0,0,1.0
0,0,0,0,0,1.0
0,0,0,0,0,1.0
0,0,0,0,0,1.0
0,0,0,0,0,1.0
0,0,0,0,0,1.0
0,0,0,0,0,1.0
0,0,0,0,0,1.0
0,0,0,0,0,1.0
0,0,0,0,0,1.0
0,0,0,0,0,1.0
0,0,0,0,0,1.0
0,0,0,0,0,1.0
0,0,1,0,0,1.0
1,1,1,1,1,1.0
0,0,1,0,0,1.0
0,0,0,0,0,1.0
0,0,0,0,0,1.0
0,0,0,0,0,1.0
0,0,0,0,0,1.0
0,0,0,0,0,1.0
0,0,0,0,0,1.0
0,0,0,0,0,1.0
0,0,0,0,0,1.0
0,0,0,0,0,1.0
0,0,0,0,0,1.0
0,0,0,0,0,1.0
0,0,0,0,0,1.0
0,0,0,0,0,1.0
0,0,1,0,0,1.0
0,0,1,0,0,1.0
0,0,0,0,0,1.0
0,0,0,0,0,1.0
0,0,0,0,0,1.0
1,1,1,1,1,1.0
0,0,0,0,0,1.0
0,0,0,0,0,1.0
0,0,0,0,0,1.0
0,0,0,0,0,1.0
0,0,0,0,0,1.0
0,0,0,0,0,1.0
0,0,0,0,0,1.0
0,0,0,0,0,1.0
0,0,0,0,0,1.0
0,0,0,0,0,1.0
0,0,0,0,0,1.0
0,0,0,0,0,1.0
0,0,0,0,0,1.0
0,0,0,0,0,1.0
0,0,0,0,0,1.0
0,0,0,0,0,1.0
0,0,0,0,0,1.0
0,0,0,0,0,1.0
0,0,0,0,0,1.0
0,0,0,0,0,1.0
0,0,0,0,0,1.0
0,0,0,0,0,1.0
0,0,0,0,0,1.0
0,0,0,0,0,1.0
0,0,0,0,0,1.0
0,0,0,0,0,1.0
0,0,0,0,0,1.0
0,0,1,0,0,1.0
0,0,0,0,0,1.0
0,0,1,0,0,1.0
0,0,1,0,0,1.0
0,0,1,0,0,1.0
0,0,1,0,0,1.0
0,0,0,0,0,1.0
0,0,0,0,0,1.0
0,0,0,0,0,1.0
0,0,0,0,0,1.0
0,0,0,0,0,1.0
0,0,0,0,0,1.0
0,0,0,0,0,1.0
0,0,0,0,0,1.0
0,0,0,0,0,1.0
0,0,0,0,0,1.0
0,0,0,0,0,1.0
0,0,0,0,0,1.0
0,0,0,0,0,1.0
0,0,0,0,0,1.0
0,0,0,0,0,1.0
0,0,0,0,0,1.0
0,0,0,0,0,1.0
0,0,0,0,0,1.0
0,0,0,0,0,1.0
0,0,1,0,0,1.0
0,0,0,0,0,1.0
0,0,0,0,0,1.0
0,0,0,0,0,1.0
0,0,0,0,0,1.0
0,0,0,0,0,1.0
0,0,0,0,0,1.0
0,0,0,0,0,1.0
0,0,0,0,0,1.0
0,0,0,0,0,1.0
0,0,0,0,0,1.0
0,0,0,0,0,1.0
0,0,0,0,0,1.0
0,0,0,0,0,1.0
0,0,1,0,0,1.0
0,0,0,0,0,1.0
0,0,0,0,0,1.0
0,0,0,0,0,1.0
0,0,0,0,0,1.0
0,0,0,0,0,1.0
0,0,0,0,0,1.0
0,0,0,0,0,1.0
0,0,0,0,0,1.0
0,0,0,0,0,1.0
0,0,0,0,0,1.0
0,0,0,0,0,1.0
0,0,0,0,0,1.0
0,0,0,0,0,1.0
0,0,0,0,0,1.0
0,0,0,0,0,1.0
0,0,0,0,0,1.0
0,0,0,0,0,1.0
0,0,0,0,0,1.0
0,0,1,0,0,1.0
0,0,1,0,0,1.0
0,0,1,0,0,1.0
0,0,1,0,0,1.0
0,0,0,0,0,1.0
0,0,0,0,0,1.0
0,0,0,0,0,1.0
1,1,0,1,1,1.0
0,0,0,0,0,1.0
1,0,0,0,0,1.0
0,0,0,0,0,1.0
0,0,0,0,0,1.0
0,0,0,0,0,1.0
0,0,0,0,0,1.0
0,0,0,0,0,1.0
0,0,0,0,0,1.0
0,0,0,0,0,1.0
0,0,0,0,0,1.0
0,0,0,0,0,1.0
0,1,0,0,0,1.0
0,0,0,0,0,1.0
0,0,0,0,0,1.0
0,0,0,0,0,1.0
0,0,0,0,0,1.0
0,0,0,0,0,1.0
0,0,0,0,0,1.0
0,0,0,0,0,1.0
0,0,0,0,0,1.0
0,0,0,0,0,1.0
0,0,0,0,0,1.0
0,0,0,0,0,1.0
0,0,0,0,0,1.0
0,0,0,0,0,1.0
0,0,0,0,0,1.0
0,0,0,0,0,1.0
0,0,0,0,0,1.0
0,0,0,0,0,1.0
0,0,0,0,0,1.0
0,0,0,0,0,1.0
0,0,0,0,0,1.0
0,0,0,0,0,1.0
0,0,0,0,0,1.0
0,0,0,0,0,1.0
0,0,0,0,0,1.0
0,0,0,0,0,1.0
0,0,0,0,0,1.0
0,0,0,0,0,1.0
0,0,0,0,0,1.0
0,0,0,0,0,1.0
0,0,0,0,0,1.0
1,0,0,0,0,1.0
0,0,0,0,0,1.0
0,0,0,0,0,1.0
0,0,0,0,0,1.0
0,0,0,0,0,1.0
0,0,0,0,0,1.0
0,0,0,0,0,1.0
0,0,0,0,0,1.0
0,0,0,0,0,1.0
0,0,0,0,0,1.0
0,0,0,0,0,1.0
0,0,0,0,0,1.0
0,0,0,0,0,1.0
0,0,0,0,0,1.0
0,0,0,0,0,1.0
0,0,0,0,0,1.0
0,0,0,0,0,1.0
0,0,0,0,0,1.0
0,0,0,0,0,1.0
0,0,0,0,0,1.0
0,0,0,0,0,1.0
0,0,0,0,0,1.0
0,0,0,0,0,1.0
0,0,0,0,0,1.0
0,0,0,0,0,1.0
0,0,0,0,0,1.0
0,0,0,0,0,1.0
0,0,0,0,0,1.0
0,0,0,0,0,1.0
0,0,0,0,0,1.0
0,0,0,0,0,1.0
0,0,0,0,0,1.0
0,0,0,0,0,1.0
0,0,0,0,0,1.0
0,0,0,0,0,1.0
0,0,0,0,0,1.0
0,0,0,0,0,1.0
0,0,0,0,0,1.0
0,0,0,0,0,1.0
0,0,0,0,0,1.0
0,0,0,0,0,1.0
0,0,0,0,0,1.0
0,0,0,0,0,1.0
0,0,0,0,0,1.0
0,0,0,0,0,1.0
0,0,0,0,0,1.0
0,0,0,0,0,1.0
0,0,0,0,0,1.0
0,0,0,0,0,1.0
0,0,0,0,0,1.0
0,0,0,0,0,1.0
0,0,0,0,0,1.0
0,0,0,0,0,1.0
0,0,0,0,0,1.0
0,0,0,0,0,1.0
0,0,0,0,0,1.0
0,0,0,0,0,1.0
0,0,0,0,0,1.0
0,0,0,0,0,1.0
0,0,0,0,0,1.0
0,0,0,0,0,1.0
0,0,0,0,0,1.0
0,0,0,0,0,1.0
0,0,0,0,0,1.0
0,0,0,0,0,1.0
0,0,0,0,0,1.0
0,0,0,0,0,1.0
0,0,0,0,0,1.0
0,0,0,0,0,1.0
0,0,0,0,0,1.0
0,0,0,0,0,1.0
0,0,0,0,0,1.0
0,0,0,0,0,1.0
0,0,0,0,0,1.0
0,0,0,0,0,1.0
0,0,0,0,0,1.0
0,0,0,0,0,1.0
0,0,0,0,0,1.0
0,0,0,0,0,1.0
0,0,0,0,0,1.0
0,0,0,0,0,1.0
0,0,0,0,0,1.0
0,0,0,0,0,1.0
0,0,0,0,0,1.0
0,0,0,0,0,1.0
0,0,0,0,0,1.0
0,0,0,0,0,1.0
0,0,0,0,0,1.0
0,0,0,0,0,1.0
0,0,0,0,0,1.0
0,0,0,0,0,1.0
0,0,0,0,0,1.0
0,0,0,0,0,1.0
0,0,0,0,0,1.0
0,0,0,0,0,1.0
0,0,0,0,0,1.0
0,0,0,0,0,1.0
0,0,0,0,0,1.0
0,0,0,0,0,1.0
0,0,0,0,0,1.0
1,0,0,0,0,1.0
0,0,0,0,0,1.0
0,0,0,0,0,1.0
0,0,0,0,0,1.0
0,0,0,0,0,1.0
0,0,0,0,0,1.0
0,0,0,0,0,1.0
0,0,0,0,0,1.0
0,0,0,0,0,1.0
0,0,0,0,0,1.0
0,0,0,0,0,1.0
0,0,0,0,0,1.0
0,0,0,0,0,1.0
0,0,0,0,0,1.0
0,0,0,0,0,1.0
0,0,0,0,0,1.0
0,0,0,0,0,1.0
0,0,0,0,0,1.0
0,0,0,0,0,1.0
0,0,0,0,0,1.0
0,0,0,0,0,1.0
0,0,0,0,0,1.0
0,0,0,0,0,1.0
0,0,0,0,0,1.0
0,0,0,0,0,1.0
0,0,0,0,0,1.0
0,0,0,0,0,1.0
0,0,0,0,0,1.0
0,0,0,0,0,1.0
0,0,0,0,0,1.0
0,0,0,0,0,1.0
0,0,0,0,0,1.0
0,0,0,0,0,1.0
0,0,0,0,0,1.0
0,0,0,0,0,1.0
0,0,0,0,0,1.0
0,0,0,0,0,1.0
0,0,0,0,0,1.0
0,0,0,0,0,1.0
0,0,0,0,0,1.0
0,0,0,0,0,1.0
0,0,0,0,0,1.0
0,0,0,0,0,1.0
0,0,0,0,0,1.0
0,0,1,0,0,1.0
0,0,1,0,0,1.0
0,0,0,0,0,1.0
0,0,0,0,0,1.0
0,0,0,0,0,1.0
0,0,1,0,0,1.0
0,0,0,0,0,1.0
0,0,0,0,0,1.0
0,0,0,0,0,1.0
0,0,0,0,0,1.0
0,0,0,0,0,1.0
0,0,0,0,0,1.0
0,0,0,0,0,1.0
0,0,0,0,0,1.0
0,0,0,0,0,1.0
0,0,0,0,0,1.0
0,0,0,0,0,1.0
0,0,0,0,0,1.0
0,0,0,0,0,1.0
0,0,1,0,0,1.0
0,0,0,0,0,1.0
0,0,0,0,0,1.0
0,0,0,0,0,1.0
0,0,0,0,0,1.0
0,0,0,0,0,1.0
0,0,0,0,0,1.0
0,0,0,0,0,1.0
0,0,0,0,0,1.0
0,0,1,0,0,1.0
0,0,0,0,0,1.0
0,0,1,0,0,1.0
0,0,0,0,0,1.0
0,0,0,0,0,1.0
0,0,0,0,0,1.0
0,0,0,0,0,1.0
0,0,0,0,0,1.0
0,0,1,0,0,1.0
0,0,0,0,0,1.0
0,0,0,0,0,1.0
0,0,0,0,0,1.0
0,0,0,0,0,1.0
0,0,0,0,0,1.0
0,0,0,0,0,1.0
0,0,0,0,0,1.0
0,0,0,0,0,1.0
0,0,0,0,0,1.0
0,0,0,0,0,1.0
0,0,1,0,0,1.0
0,0,0,0,0,1.0
0,0,0,0,0,1.0
0,0,0,0,0,1.0
0,1,0,1,1,1.0
0,0,0,0,0,1.0
0,0,0,0,0,1.0
0,0,0,0,0,1.0
0,0,0,0,0,1.0
0,0,0,0,0,1.0
0,0,0,0,0,1.0
0,0,1,0,0,1.0
1,1,1,1,1,1.0
0,0,0,0,0,1.0
0,0,0,0,0,1.0
0,0,0,0,0,1.0
0,0,0,0,0,1.0
0,0,0,0,0,1.0
0,0,0,0,0,1.0
0,0,0,0,0,1.0
0,0,0,0,0,1.0
0,0,0,0,0,1.0
0,0,0,0,0,1.0
0,0,0,0,0,1.0
0,0,0,0,0,1.0
0,0,0,0,0,1.0
0,0,0,0,0,1.0
0,0,0,0,0,1.0
0,0,0,0,0,1.0
0,0,0,0,0,1.0
0,0,0,0,0,1.0
0,0,0,0,0,1.0
0,0,0,0,0,1.0
0,0,0,0,0,1.0
0,0,0,0,0,1.0
0,0,0,0,0,1.0
0,0,0,0,0,1.0
0,0,0,0,0,1.0
0,0,0,0,0,1.0
0,0,0,0,0,1.0
0,0,0,0,0,1.0
0,0,0,0,0,1.0
0,0,0,0,0,1.0
0,0,0,0,0,1.0
0,0,0,0,0,1.0
1,1,0,1,1,1.0
0,0,0,0,0,1.0
0,0,0,0,0,1.0
0,0,0,0,0,1.0
0,0,0,0,0,1.0
0,0,0,0,0,1.0
0,0,0,0,0,1.0
0,0,0,0,0,1.0
0,0,0,0,0,1.0
0,0,0,0,0,1.0
0,0,0,0,0,1.0
0,0,0,0,0,1.0
0,0,0,0,0,1.0
0,0,0,0,0,1.0
0,0,0,0,0,1.0
0,0,0,0,0,1.0
0,0,0,0,0,1.0
0,0,0,0,0,1.0
0,0,0,0,0,1.0
0,0,0,0,0,1.0
0,0,0,0,0,1.0
0,0,0,0,0,1.0
0,0,0,0,0,1.0
0,0,0,0,0,1.0
0,0,0,0,0,1.0
0,0,0,0,0,1.0
0,0,0,0,0,1.0
0,0,0,0,0,1.0
0,0,0,0,0,1.0
1,1,1,1,1,1.0
0,0,0,0,0,1.0
0,0,1,0,0,1.0
0,0,0,0,0,1.0
0,0,0,0,0,1.0
0,0,0,0,0,1.0
0,0,0,0,0,1.0
0,0,0,0,0,1.0
0,0,0,0,0,1.0
0,0,0,0,0,1.0
0,0,0,0,0,1.0
0,0,0,0,0,1.0
0,0,0,0,0,1.0
0,0,0,0,0,1.0
0,0,0,0,0,1.0
0,0,0,0,0,1.0
0,0,0,0,0,1.0
0,0,0,0,0,1.0
0,0,0,0,0,1.0
0,0,0,0,0,1.0
0,0,0,0,0,1.0
0,0,0,0,0,1.0
0,0,0,0,0,1.0
0,0,0,0,0,1.0
0,0,0,0,0,1.0
0,0,0,0,0,1.0
0,0,0,0,0,1.0
0,0,0,0,0,1.0
0,0,0,0,0,1.0
0,0,0,0,0,1.0
0,0,0,0,0,1.0
0,0,0,0,0,1.0
0,0,0,0,0,1.0
0,0,0,0,0,1.0
0,0,0,0,0,1.0
0,0,0,0,0,1.0
0,0,0,0,0,1.0
0,0,0,0,0,1.0
0,0,0,0,0,1.0
0,0,0,0,0,1.0
0,0,0,0,0,1.0
0,0,0,0,0,1.0
0,0,0,0,0,1.0
0,0,0,0,0,1.0
0,0,0,0,0,1.0
0,0,0,0,0,1.0
0,0,0,0,0,1.0
0,0,0,0,0,1.0
0,0,0,0,0,1.0
0,0,0,0,0,1.0
0,0,0,0,0,1.0
0,0,0,0,0,1.0
0,1,0,0,0,1.0
0,0,0,0,0,1.0
0,0,0,0,0,1.0
0,0,0,0,0,1.0
0,0,0,0,0,1.0
0,0,0,0,0,1.0
0,0,0,0,0,1.0
0,0,0,0,0,1.0
0,0,0,0,0,1.0
0,0,0,0,0,1.0
0,0,1,0,0,1.0
0,0,0,0,0,1.0
0,0,0,0,0,1.0
0,0,0,0,0,1.0
0,0,0,0,0,1.0
0,0,0,0,0,1.0
0,0,0,0,0,1.0
0,0,0,0,0,1.0
0,0,0,0,0,1.0
0,0,0,0,0,1.0
0,0,0,0,0,1.0
0,0,0,0,0,1.0
0,0,0,0,0,1.0
1,1,0,0,1,0.0
1,1,0,1,1,1.0
1,1,0,1,1,1.0
1,1,0,1,1,1.0
0,1,0,1,1,1.0
1,1,0,1,1,1.0
1,1,0,1,1,1.0
1,1,0,1,1,1.0
1,1,0,1,1,1.0
0,0,0,0,0,1.0
0,0,0,0,0,1.0
0,1,0,0,0,1.0
0,0,0,0,0,1.0
0,0,0,0,0,1.0
0,0,0,0,0,1.0
0,0,0,0,0,1.0
0,0,0,0,0,1.0
0,1,0,0,0,1.0
0,0,0,0,0,1.0
0,0,0,0,0,1.0
0,0,0,0,0,1.0
0,0,0,0,0,1.0
0,0,0,0,0,1.0
0,0,0,0,0,1.0
0,0,0,0,0,1.0
0,0,0,0,0,1.0
0,0,0,0,0,1.0
0,0,0,0,0,1.0
0,0,0,0,0,1.0
0,0,0,0,0,1.0
0,0,0,0,0,1.0
0,0,0,0,0,1.0
0,0,0,0,0,1.0
0,0,0,0,0,1.0
0,0,0,0,0,1.0
0,0,0,0,0,1.0
0,0,0,0,0,1.0
0,0,0,0,0,1.0
0,0,0,0,0,1.0
0,0,0,0,0,1.0
0,0,0,0,0,1.0
0,0,0,0,0,1.0
0,0,0,0,0,1.0
0,0,1,0,0,1.0
0,0,0,0,0,1.0
0,0,0,0,0,1.0
0,0,0,0,0,1.0
0,0,0,0,0,1.0
0,0,1,0,0,1.0
0,0,0,0,0,1.0
0,0,0,0,0,1.0
0,0,0,0,0,1.0
0,0,0,0,0,1.0
0,0,0,0,0,1.0
0,0,0,0,0,1.0
0,0,0,0,0,1.0
0,0,0,0,0,1.0
0,0,0,0,0,1.0
0,0,0,0,0,1.0
0,0,0,0,0,1.0
0,0,0,0,0,1.0
0,0,0,0,0,1.0
0,0,0,0,0,1.0
0,0,0,0,0,1.0
0,0,0,0,0,1.0
0,0,0,0,0,1.0
0,0,0,0,0,1.0
0,0,0,0,0,1.0
0,0,0,0,0,1.0
0,0,0,0,0,1.0
0,0,0,0,0,1.0
0,0,0,0,0,1.0
0,0,0,0,0,1.0
0,0,0,0,0,1.0
0,0,0,0,0,1.0
0,0,0,0,0,1.0
0,0,0,0,0,1.0
0,0,0,0,0,1.0
0,0,1,0,0,1.0
0,1,0,0,0,1.0
0,0,0,0,0,1.0
0,0,0,0,0,1.0
0,0,0,0,0,1.0
0,0,0,0,0,1.0
0,0,0,0,0,1.0
0,0,1,0,0,1.0
0,0,0,0,0,1.0
0,0,0,0,0,1.0
0,0,0,0,0,1.0
0,0,1,0,0,1.0
0,0,0,0,0,1.0
0,0,0,0,0,1.0
0,0,0,0,0,1.0
0,0,0,0,0,1.0
0,0,0,0,0,1.0
0,0,0,0,0,1.0
0,0,0,0,0,1.0
0,0,0,0,0,1.0
0,0,0,0,0,1.0
0,0,0,0,0,1.0
0,0,0,0,0,1.0
0,0,0,0,0,1.0
0,0,0,0,0,1.0
0,0,0,0,0,1.0
0,0,0,0,0,1.0
0,0,0,0,0,1.0
0,0,0,0,0,1.0
0,0,0,0,0,1.0
0,0,0,0,0,1.0
0,0,0,0,0,1.0
0,0,0,0,0,1.0
0,0,0,0,0,1.0
0,0,0,0,0,1.0
0,0,0,0,0,1.0
0,0,0,0,0,1.0
0,0,0,0,0,1.0
0,0,0,0,0,1.0
0,0,0,0,0,1.0
0,0,0,0,0,1.0
0,0,0,0,0,1.0
0,0,0,0,0,1.0
0,0,0,0,0,1.0
0,0,0,0,0,1.0
0,0,0,0,0,1.0
0,0,0,0,0,1.0
0,0,0,0,0,1.0
0,0,0,0,0,1.0
0,0,0,0,0,1.0
0,0,0,0,0,1.0
0,0,0,0,0,1.0
0,0,0,0,0,1.0
0,0,0,0,0,1.0
0,0,0,0,0,1.0
0,0,0,0,0,1.0
0,0,0,0,0,1.0
0,0,0,0,0,1.0
0,0,0,0,0,1.0
0,0,0,0,0,1.0
0,0,0,0,0,1.0
0,0,0,0,0,1.0
0,0,0,0,0,1.0
0,0,0,0,0,1.0
0,0,0,0,0,1.0
0,0,0,0,0,1.0
0,0,0,0,0,1.0
0,0,0,0,0,1.0
0,0,0,0,0,1.0
0,0,0,0,0,1.0
0,0,0,0,0,1.0
0,0,0,0,0,1.0
0,0,0,0,0,1.0
0,0,0,0,0,1.0
0,0,0,0,0,1.0
0,0,0,0,0,1.0
0,0,0,0,0,1.0
0,0,0,0,0,1.0
0,0,0,0,0,1.0
0,0,0,0,0,1.0
0,0,0,0,0,1.0
0,0,0,0,0,1.0
0,0,0,0,0,1.0
0,0,0,0,0,1.0
0,0,0,0,0,1.0
0,0,0,0,0,1.0
0,0,0,0,0,1.0
0,0,0,0,0,1.0
0,0,0,0,0,1.0
0,0,0,0,0,1.0
0,0,0,0,0,1.0
0,0,0,0,0,1.0
0,0,0,0,0,1.0
0,0,0,0,0,1.0
0,0,0,0,0,1.0
0,0,0,0,0,1.0
0,0,0,0,0,1.0
0,0,0,0,0,1.0
0,0,0,0,0,1.0
0,0,0,0,0,1.0
0,0,0,0,0,1.0
0,0,0,0,0,1.0
0,0,0,0,0,1.0
0,0,0,0,0,1.0
0,0,0,0,0,1.0
0,0,0,0,0,1.0
0,0,0,0,0,1.0
0,0,0,0,0,1.0
0,0,1,0,0,1.0
0,0,0,0,0,1.0
1,0,0,0,0,1.0
0,0,0,0,0,1.0
0,0,1,0,0,1.0
0,0,0,0,0,1.0
0,0,0,0,0,1.0
0,0,0,0,0,1.0
0,0,0,0,0,1.0
0,0,0,0,0,1.0
0,0,0,0,0,1.0
0,0,1,0,0,1.0
0,0,0,0,0,1.0
0,0,0,0,0,1.0
0,1,0,0,0,1.0
0,0,1,0,0,1.0
0,0,1,0,0,1.0
0,0,1,0,0,1.0
0,0,0,0,0,1.0
0,0,0,0,0,1.0
0,0,0,0,0,1.0
0,0,0,0,0,1.0
0,0,1,0,0,1.0
0,0,0,0,0,1.0
0,0,1,0,0,1.0
0,0,0,0,0,1.0
0,0,1,0,0,1.0
0,0,0,0,0,1.0
0,0,1,0,0,1.0
0,0,0,0,0,1.0
0,0,0,0,0,1.0
0,0,0,0,0,1.0
0,0,0,0,0,1.0
0,0,0,0,0,1.0
0,0,0,0,0,1.0
0,0,0,0,0,1.0
0,0,0,0,0,1.0
0,0,1,0,0,1.0
0,0,1,0,0,1.0
0,0,0,0,0,1.0
0,0,1,0,0,1.0
0,0,1,0,0,1.0
0,0,0,0,0,1.0
0,0,1,0,0,1.0
0,0,1,0,0,1.0
0,0,0,0,0,1.0
0,0,0,0,0,1.0
0,0,0,0,0,1.0
0,0,0,0,0,1.0
0,0,0,0,0,1.0
0,0,1,0,0,1.0
0,0,1,0,0,1.0
0,0,0,0,0,1.0
0,0,0,0,0,1.0
0,0,0,0,0,1.0
0,0,0,0,0,1.0
0,0,0,0,0,1.0
0,0,0,0,0,1.0
0,0,0,0,0,1.0
0,1,0,0,0,1.0
0,0,0,0,0,1.0
0,0,0,0,0,1.0
0,0,0,0,0,1.0
0,0,0,0,0,1.0
0,0,0,0,0,1.0
0,0,0,0,0,1.0
0,0,0,0,0,1.0
0,0,0,0,0,1.0
0,0,0,0,0,1.0
0,0,0,0,0,1.0
0,0,0,0,0,1.0
0,0,0,0,0,1.0
0,0,0,0,0,1.0
0,0,0,0,0,1.0
0,0,0,0,0,1.0
0,0,1,0,0,1.0
0,0,0,0,0,1.0
0,0,0,0,0,1.0
0,0,0,0,0,1.0
0,0,0,0,0,1.0
0,0,0,0,0,1.0
0,0,0,0,0,1.0
0,0,0,0,0,1.0
0,0,0,0,0,1.0
0,0,0,0,0,1.0
0,0,0,0,0,1.0
0,0,0,0,0,1.0
0,1,0,0,0,1.0
0,0,0,0,0,1.0
0,0,0,0,0,1.0
0,0,0,0,0,1.0
0,0,0,0,0,1.0
0,0,0,0,0,1.0
0,0,0,0,0,1.0
0,0,0,0,0,1.0
0,0,0,0,0,1.0
0,0,0,0,0,1.0
0,0,0,0,0,1.0
0,0,0,0,0,1.0
1,0,0,0,0,1.0
0,0,0,0,0,1.0
0,0,0,0,0,1.0
0,0,0,0,0,1.0
0,0,0,0,0,1.0
0,0,0,0,0,1.0
0,0,0,0,0,1.0
0,0,0,0,0,1.0
0,0,0,0,0,1.0
0,0,0,0,0,1.0
0,0,0,0,0,1.0
0,0,0,0,0,1.0
0,0,0,0,0,1.0
0,0,0,0,0,1.0
0,0,0,0,0,1.0
0,0,0,0,0,1.0
0,0,1,0,0,1.0
0,0,1,0,0,1.0
0,0,0,0,0,1.0
0,0,0,0,0,1.0
0,0,0,0,0,1.0
0,0,1,0,0,1.0
0,0,0,0,0,1.0
0,0,0,0,0,1.0
0,1,0,0,0,1.0
0,0,0,0,0,1.0
0,0,0,0,0,1.0
0,0,0,0,0,1.0
0,0,0,0,0,1.0
0,0,0,0,0,1.0
0,0,0,0,0,1.0
0,0,0,0,0,1.0
0,0,0,0,0,1.0
0,0,0,0,0,1.0
0,0,0,0,0,1.0
0,0,0,0,0,1.0
0,0,0,0,0,1.0
0,0,0,0,0,1.0
0,0,0,0,0,1.0
0,0,0,0,0,1.0
0,0,1,0,0,1.0
0,0,0,0,0,1.0
0,0,0,0,0,1.0
0,0,0,0,0,1.0
0,0,0,0,0,1.0
0,0,0,0,0,1.0
0,0,1,0,0,1.0
0,0,0,0,0,1.0
0,0,0,0,0,1.0
0,0,0,0,0,1.0
1,1,0,1,1,1.0
0,0,0,0,0,1.0
0,0,0,0,0,1.0
0,0,0,0,0,1.0
0,0,0,0,0,1.0
0,0,0,0,0,1.0
0,0,0,0,0,1.0
0,0,0,0,0,1.0
0,0,0,0,0,1.0
0,0,0,0,0,1.0
0,0,0,0,0,1.0
0,0,0,0,0,1.0
0,0,0,0,0,1.0
0,0,0,0,0,1.0
0,0,0,0,0,1.0
0,0,0,0,0,1.0
0,0,0,0,0,1.0
0,0,0,0,0,1.0
0,0,0,0,0,1.0
0,0,0,0,0,1.0
1,0,0,0,0,1.0
0,0,0,0,0,1.0
0,0,0,0,0,1.0
0,0,0,0,0,1.0
0,0,0,0,0,1.0
0,0,0,0,0,1.0
0,0,0,0,0,1.0
0,0,0,0,0,1.0
0,0,0,0,0,1.0
0,0,0,0,0,1.0
0,0,0,0,0,1.0
0,0,0,0,0,1.0
0,0,0,0,0,1.0
0,0,0,0,0,1.0
0,0,0,0,0,1.0
0,0,0,0,0,1.0
0,0,0,0,0,1.0
0,0,0,0,0,1.0
0,0,0,0,0,1.0
0,0,0,0,0,1.0
0,0,0,0,0,1.0
0,0,0,0,0,1.0
0,0,0,0,0,1.0
0,0,0,0,0,1.0
0,0,0,0,0,1.0
0,0,0,0,0,1.0
0,0,0,0,0,1.0
0,0,0,0,0,1.0
0,0,0,0,0,1.0
0,0,0,0,0,1.0
0,0,0,0,0,1.0
0,0,0,0,0,1.0
0,0,0,0,0,1.0
0,0,0,0,0,1.0
0,0,0,0,0,1.0
0,0,0,0,0,1.0
0,0,0,0,0,1.0
0,0,0,0,0,1.0
0,0,0,0,0,1.0
0,0,0,0,0,1.0
0,0,0,0,0,1.0
0,0,0,0,0,1.0
0,0,0,0,0,1.0
0,0,0,0,0,1.0
1,1,1,0,1,0.0
0,0,0,0,0,1.0
0,0,0,0,0,1.0
0,0,0,0,0,1.0
0,0,0,0,0,1.0
0,0,0,0,0,1.0
0,0,0,0,0,1.0
0,0,0,0,0,1.0
0,0,0,0,0,1.0
0,0,0,0,0,1.0
0,0,0,0,0,1.0
0,0,0,0,0,1.0
0,0,0,0,0,1.0
0,0,0,0,0,1.0
0,0,0,0,0,1.0
0,0,0,0,0,1.0
0,0,0,0,0,1.0
0,0,0,0,0,1.0
0,0,0,0,0,1.0
1,0,0,0,0,1.0
0,0,0,0,0,1.0
0,0,0,0,0,1.0
0,0,0,0,0,1.0
0,0,0,0,0,1.0
0,0,0,0,0,1.0
0,0,0,0,0,1.0
0,0,0,0,0,1.0
0,0,1,0,0,1.0
0,0,1,0,0,1.0
0,0,1,0,0,1.0
0,0,0,0,0,1.0
1,1,0,1,1,1.0
0,0,1,0,0,1.0
0,0,0,0,0,1.0
0,0,1,0,0,1.0
0,0,0,0,0,1.0
0,0,0,0,0,1.0
0,0,0,0,0,1.0
1,1,1,1,1,1.0
0,0,1,0,0,1.0
0,0,0,0,0,1.0
0,0,0,0,0,1.0
0,0,0,0,0,1.0
0,0,0,0,0,1.0
0,0,0,0,0,1.0
0,0,0,0,0,1.0
0,0,0,0,0,1.0
0,0,0,0,0,1.0
0,0,0,0,0,1.0
0,0,0,0,0,1.0
0,0,0,0,0,1.0
0,0,0,0,0,1.0
0,0,0,0,0,1.0
0,0,0,0,0,1.0
0,0,0,0,0,1.0
0,0,0,0,0,1.0
0,0,0,0,0,1.0
0,0,0,0,0,1.0
0,0,0,0,0,1.0
0,0,0,0,0,1.0
0,0,0,0,0,1.0
0,0,0,0,0,1.0
0,0,0,0,0,1.0
0,0,0,0,0,1.0
0,0,0,0,0,1.0
0,0,0,0,0,1.0
0,0,0,0,0,1.0
0,0,0,0,0,1.0
0,0,0,0,0,1.0
0,0,0,0,0,1.0
0,0,0,0,0,1.0
0,0,0,0,0,1.0
0,0,0,0,0,1.0
0,0,0,0,0,1.0
0,0,0,0,0,1.0
0,0,0,0,0,1.0
0,0,0,0,0,1.0
0,0,0,0,0,1.0
0,0,0,0,0,1.0
0,0,0,0,0,1.0
0,0,0,0,0,1.0
0,0,1,0,0,1.0
0,0,0,0,0,1.0
0,0,0,0,0,1.0
0,0,0,0,0,1.0
0,0,0,0,0,1.0
0,0,0,0,0,1.0
0,0,0,0,0,1.0
0,0,0,0,0,1.0
0,0,0,0,0,1.0
0,0,0,0,0,1.0
0,0,0,0,0,1.0
0,0,0,0,0,1.0
0,0,0,0,0,1.0
0,0,0,0,0,1.0
0,0,0,0,0,1.0
0,0,0,0,0,1.0
0,0,0,0,0,1.0
0,0,0,0,0,1.0
0,0,0,0,0,1.0
0,0,0,0,0,1.0
0,0,0,0,0,1.0
0,0,0,0,0,1.0
0,0,0,0,0,1.0
0,0,0,0,0,1.0
0,1,1,0,0,1.0
0,0,0,0,0,1.0
0,0,1,0,0,1.0
0,0,0,0,0,1.0
0,0,0,0,0,1.0
0,0,0,0,0,1.0
0,0,0,0,0,1.0
0,0,0,0,0,1.0
0,0,0,0,0,1.0
0,0,1,0,0,1.0
0,0,0,0,0,1.0
0,0,0,0,0,1.0
0,0,0,0,0,1.0
0,0,0,0,0,1.0
0,0,0,0,0,1.0
0,0,0,0,0,1.0
0,0,0,0,0,1.0
0,0,0,0,0,1.0
0,0,0,0,0,1.0
0,0,0,0,0,1.0
0,0,0,0,0,1.0
0,0,1,0,0,1.0
0,0,0,0,0,1.0
0,0,0,0,0,1.0
0,0,0,0,0,1.0
0,0,0,0,0,1.0
0,0,1,0,0,1.0
0,0,1,0,0,1.0
0,0,0,0,0,1.0
0,0,0,0,0,1.0
0,0,0,0,0,1.0
0,0,0,0,0,1.0
0,0,0,0,0,1.0
0,0,0,0,0,1.0
0,0,1,0,0,1.0
0,0,0,0,0,1.0
0,0,1,0,0,1.0
0,0,0,0,0,1.0
0,0,1,0,0,1.0
0,0,0,0,0,1.0
0,0,0,0,0,1.0
0,0,0,0,0,1.0
0,0,0,0,0,1.0
0,0,0,0,0,1.0
0,0,0,0,0,1.0
0,0,1,0,0,1.0
0,0,0,0,0,1.0
0,0,0,0,0,1.0
0,0,0,0,0,1.0
0,0,0,0,0,1.0
0,0,0,0,0,1.0
0,0,0,0,0,1.0
0,0,0,0,0,1.0
0,0,0,0,0,1.0
0,0,0,0,0,1.0
0,0,0,0,0,1.0
0,0,0,0,0,1.0
0,0,0,0,0,1.0
0,0,0,0,0,1.0
0,0,0,0,0,1.0
0,0,0,0,0,1.0
0,0,0,0,0,1.0
0,0,0,0,0,1.0
0,0,0,0,0,1.0
0,0,0,0,0,1.0
0,0,0,0,0,1.0
0,0,0,0,0,1.0
0,0,0,0,0,1.0
0,0,0,0,0,1.0
0,0,0,0,0,1.0
0,0,0,0,0,1.0
0,0,0,0,0,1.0
0,0,0,0,0,1.0
0,0,0,0,0,1.0
0,0,0,0,0,1.0
0,0,0,0,0,1.0
0,0,0,0,0,1.0
0,0,0,0,0,1.0
0,0,0,0,0,1.0
0,0,0,0,0,1.0
0,0,0,0,0,1.0
0,0,0,0,0,1.0
0,0,0,0,0,1.0
0,0,0,0,0,1.0
0,0,0,0,0,1.0
0,0,0,0,0,1.0
0,0,0,0,0,1.0
0,0,0,0,0,1.0
0,0,0,0,0,1.0
0,0,0,0,0,1.0
0,0,0,0,0,1.0
0,0,0,0,0,1.0
0,0,0,0,0,1.0
0,0,0,0,0,1.0
0,0,0,0,0,1.0
0,0,0,0,0,1.0
0,0,0,0,0,1.0
0,0,0,0,0,1.0
0,0,0,0,0,1.0
0,0,0,0,0,1.0
0,0,0,0,0,1.0
0,0,0,0,0,1.0
0,0,0,0,0,1.0
0,0,0,0,0,1.0
0,0,0,0,0,1.0
0,0,0,0,0,1.0
0,0,0,0,0,1.0
0,0,0,0,0,1.0
0,0,0,0,0,1.0
0,0,1,0,0,1.0
0,0,0,0,0,1.0
0,0,0,0,0,1.0
0,0,0,0,0,1.0
0,0,0,0,0,1.0
0,0,0,0,0,1.0
0,0,0,0,0,1.0
0,0,0,0,0,1.0
0,0,0,0,0,1.0
0,0,0,0,0,1.0
0,0,0,0,0,1.0
0,0,0,0,0,1.0
0,0,1,0,0,1.0
0,0,0,0,0,1.0
0,0,0,0,0,1.0
0,0,1,0,0,1.0
0,0,0,0,0,1.0
0,0,0,0,0,1.0
0,0,1,0,0,1.0
0,0,0,0,0,1.0
0,0,0,0,0,1.0
0,0,0,0,0,1.0
0,0,0,0,0,1.0
0,0,1,0,0,1.0
0,0,0,0,0,1.0
0,0,0,0,0,1.0
0,0,0,0,0,1.0
0,0,0,0,0,1.0
0,0,0,0,0,1.0
0,0,0,0,0,1.0
0,0,0,0,0,1.0
0,0,0,0,0,1.0
0,0,0,0,0,1.0
0,0,1,0,0,1.0
0,0,1,0,0,1.0
0,0,1,0,0,1.0
0,0,0,0,0,1.0
0,0,1,0,0,1.0
0,0,0,0,0,1.0
0,0,0,0,0,1.0
0,0,0,0,0,1.0
0,0,1,0,0,1.0
0,0,0,0,0,1.0
0,0,0,0,0,1.0
0,0,0,0,0,1.0
0,0,0,0,0,1.0
0,0,0,0,0,1.0
0,0,0,0,0,1.0
0,0,0,0,0,1.0
0,0,0,0,0,1.0
0,0,0,0,0,1.0
0,0,0,0,0,1.0
0,0,0,0,0,1.0
0,0,0,0,0,1.0
0,0,0,0,0,1.0
0,0,0,0,0,1.0
0,0,0,0,0,1.0
0,0,0,0,0,1.0
0,0,0,0,0,1.0
0,0,0,0,0,1.0
0,0,0,0,0,1.0
0,0,0,0,0,1.0
0,0,0,0,0,1.0
0,0,0,0,0,1.0
0,0,0,0,0,1.0
0,0,1,0,0,1.0
0,0,0,0,0,1.0
1,1,0,1,1,1.0
0,0,0,0,0,1.0
0,0,0,0,0,1.0
0,0,0,0,0,1.0
0,0,0,0,0,1.0
0,0,0,0,0,1.0
0,0,0,0,0,1.0
0,0,0,0,0,1.0
0,0,0,0,0,1.0
0,0,0,0,0,1.0
0,0,0,0,0,1.0
0,0,0,0,0,1.0
0,0,0,0,0,1.0
0,0,0,0,0,1.0
0,0,1,0,0,1.0
0,0,0,0,0,1.0
0,1,0,0,0,1.0
0,0,0,0,0,1.0
0,0,0,0,0,1.0
0,0,0,0,0,1.0
0,0,0,0,0,1.0
0,0,0,0,0,1.0
0,0,0,0,0,1.0
0,0,0,0,0,1.0
0,0,0,0,0,1.0
0,0,1,0,0,1.0
0,0,0,0,0,1.0
0,0,0,0,0,1.0
0,0,0,0,0,1.0
0,0,0,0,0,1.0
0,0,0,0,0,1.0
0,0,0,0,0,1.0
0,0,0,0,0,1.0
0,0,0,0,0,1.0
0,0,0,0,0,1.0
0,0,0,0,0,1.0
0,0,0,0,0,1.0
0,0,0,0,0,1.0
0,0,0,0,0,1.0
0,0,1,0,0,1.0
0,0,0,0,0,1.0
0,0,0,0,0,1.0
0,0,0,0,0,1.0
0,0,0,0,0,1.0
0,0,0,0,0,1.0
0,0,0,0,0,1.0
0,0,0,0,0,1.0
0,0,0,0,0,1.0
0,0,0,0,0,1.0
0,0,0,0,0,1.0
0,0,0,0,0,1.0
0,0,0,0,0,1.0
0,0,0,0,0,1.0
0,0,0,0,0,1.0
0,0,0,0,0,1.0
0,0,1,0,0,1.0
0,0,0,0,0,1.0
0,0,0,0,0,1.0
1,1,0,1,1,1.0
0,0,0,0,0,1.0
0,0,0,0,0,1.0
0,0,0,0,0,1.0
0,0,0,0,0,1.0
0,0,0,0,0,1.0
0,0,0,0,0,1.0
0,0,0,0,0,1.0
0,0,0,0,0,1.0
0,0,0,0,0,1.0
0,0,0,0,0,1.0
1,0,0,0,0,1.0
0,0,0,0,0,1.0
0,0,0,0,0,1.0
0,0,0,0,0,1.0
0,0,0,0,0,1.0
0,0,0,0,0,1.0
0,0,0,0,0,1.0
0,0,0,0,0,1.0
0,0,0,0,0,1.0
0,1,1,1,1,0.0
0,0,0,0,0,1.0
0,0,0,0,0,1.0
0,0,0,0,0,1.0
0,0,0,0,0,1.0
0,0,0,0,0,1.0
0,0,0,0,0,1.0
0,0,0,0,0,1.0
0,0,0,0,0,1.0
0,0,1,0,0,1.0
0,0,0,0,0,1.0
0,0,0,0,0,1.0
0,0,0,0,0,1.0
0,0,0,0,0,1.0
0,0,0,0,0,1.0
0,0,0,0,0,1.0
0,0,0,0,0,1.0
0,0,0,0,0,1.0
0,0,0,0,0,1.0
0,0,0,0,0,1.0
0,0,0,0,0,1.0
0,0,0,0,0,1.0
0,0,0,0,0,1.0
0,0,0,0,0,1.0
1,1,1,1,1,1.0
0,0,0,0,0,1.0
0,0,0,0,0,1.0
0,0,0,0,0,1.0
0,0,0,0,0,1.0
0,0,0,0,0,1.0
0,0,0,0,0,1.0
0,0,0,0,0,1.0
0,0,0,0,0,1.0
0,0,0,0,0,1.0
1,0,0,0,0,1.0
0,0,0,0,0,1.0
0,1,0,0,0,1.0
0,0,0,0,0,1.0
0,0,0,0,0,1.0
0,0,0,0,0,1.0
0,0,0,0,0,1.0
0,0,0,0,0,1.0
0,0,0,0,0,1.0
0,0,0,0,0,1.0
0,0,0,0,0,1.0
0,0,0,0,0,1.0
0,0,0,0,0,1.0
0,0,0,0,0,1.0
0,0,0,0,0,1.0
0,0,0,0,0,1.0
0,0,0,0,0,1.0
0,0,0,0,0,1.0
0,0,0,0,0,1.0
0,0,0,0,0,1.0
0,0,0,0,0,1.0
0,0,0,0,0,1.0
0,0,0,0,0,1.0
0,0,0,0,0,1.0
0,0,0,0,0,1.0
0,0,0,0,0,1.0
0,0,0,0,0,1.0
0,0,0,0,0,1.0
0,0,0,0,0,1.0
0,0,0,0,0,1.0
0,0,0,0,0,1.0
0,0,0,0,0,1.0
0,0,0,0,0,1.0
0,0,0,0,0,1.0
0,0,0,0,0,1.0
0,0,0,0,0,1.0
0,0,0,0,0,1.0
0,0,0,0,0,1.0
1,0,0,0,0,1.0
0,0,0,0,0,1.0
0,0,0,0,0,1.0
0,0,0,0,0,1.0
0,0,0,0,0,1.0
0,0,0,0,0,1.0
0,0,0,0,0,1.0
0,0,0,0,0,1.0
0,0,0,0,0,1.0
0,0,0,0,0,1.0
0,0,0,0,0,1.0
0,0,0,0,0,1.0
0,0,0,0,0,1.0
0,0,0,0,0,1.0
0,0,0,0,0,1.0
0,0,0,0,0,1.0
0,0,0,0,0,1.0
0,0,0,0,0,1.0
0,0,0,0,0,1.0
0,0,0,0,0,1.0
0,0,0,0,0,1.0
0,0,0,0,0,1.0
0,0,0,0,0,1.0
0,0,0,0,0,1.0
0,0,0,0,0,1.0
0,0,0,0,0,1.0
0,0,0,0,0,1.0
0,0,0,0,0,1.0
0,0,0,0,0,1.0
0,0,0,0,0,1.0
0,0,0,0,0,1.0
0,0,0,0,0,1.0
0,0,1,0,0,1.0
0,0,1,0,0,1.0
1,0,1,0,0,1.0
0,0,0,0,0,1.0
0,0,0,0,0,1.0
0,0,0,0,0,1.0
0,0,0,0,0,1.0
0,0,0,0,0,1.0
0,0,0,0,0,1.0
0,0,0,0,0,1.0
0,0,0,0,0,1.0
0,0,0,0,0,1.0
0,0,0,0,0,1.0
0,0,0,0,0,1.0
0,0,0,0,0,1.0
0,0,0,0,0,1.0
0,0,0,0,0,1.0
0,0,0,0,0,1.0
0,0,0,0,0,1.0
0,0,0,0,0,1.0
0,0,0,0,0,1.0
0,0,0,0,0,1.0
0,0,0,0,0,1.0
0,0,0,0,0,1.0
0,0,0,0,0,1.0
0,0,0,0,0,1.0
0,0,0,0,0,1.0
0,0,0,0,0,1.0
0,0,0,0,0,1.0
0,0,0,0,0,1.0
0,0,0,0,0,1.0
0,0,0,0,0,1.0
0,0,0,0,0,1.0
0,0,0,0,0,1.0
0,0,0,0,0,1.0
0,0,0,0,0,1.0
0,0,0,0,0,1.0
0,0,0,0,0,1.0
0,0,0,0,0,1.0
0,0,0,0,0,1.0
0,0,0,0,0,1.0
0,0,0,0,0,1.0
0,0,0,0,0,1.0
0,0,0,0,0,1.0
0,0,0,0,0,1.0
0,0,0,0,0,1.0
0,0,0,0,0,1.0
0,0,0,0,0,1.0
0,0,0,0,0,1.0
0,0,0,0,0,1.0
0,0,0,0,0,1.0
0,0,0,0,0,1.0
0,0,0,0,0,1.0
1,1,1,1,1,1.0
0,0,0,0,0,1.0
0,0,0,0,0,1.0
0,0,0,0,0,1.0
0,0,0,0,0,1.0
0,0,0,0,0,1.0
0,0,0,0,0,1.0
0,0,0,0,0,1.0
0,0,0,0,0,1.0
0,0,0,0,0,1.0
0,0,0,0,0,1.0
0,0,0,0,0,1.0
0,0,0,0,0,1.0
0,0,0,0,0,1.0
0,0,0,0,0,1.0
0,0,0,0,0,1.0
0,0,0,0,0,1.0
0,0,0,0,0,1.0
0,0,0,0,0,1.0
0,0,0,0,0,1.0
0,0,0,0,0,1.0
0,0,0,0,0,1.0
0,0,0,0,0,1.0
0,0,0,0,0,1.0
0,0,0,0,0,1.0
0,0,0,0,0,1.0
0,0,0,0,0,1.0
0,0,0,0,0,1.0
0,0,0,0,0,1.0
0,0,0,0,0,1.0
0,0,0,0,0,1.0
0,0,0,0,0,1.0
0,0,0,0,0,1.0
0,0,0,0,0,1.0
0,0,0,0,0,1.0
0,0,0,0,0,1.0
0,0,0,0,0,1.0
0,0,0,0,0,1.0
0,0,0,0,0,1.0
0,0,0,0,0,1.0
0,0,0,0,0,1.0
0,0,0,0,0,1.0
0,0,0,0,0,1.0
0,0,0,0,0,1.0
0,0,0,0,0,1.0
0,0,0,0,0,1.0
0,0,1,0,0,1.0
0,0,0,0,0,1.0
0,0,1,0,0,1.0
0,0,1,0,0,1.0
0,0,0,0,0,1.0
0,0,0,0,0,1.0
0,0,0,0,0,1.0
0,0,1,0,0,1.0
0,1,1,1,1,0.0
0,0,1,0,0,1.0
0,0,0,0,0,1.0
0,0,0,0,0,1.0
0,0,1,0,0,1.0
0,0,0,0,0,1.0
0,0,0,0,0,1.0
0,0,0,0,0,1.0
0,0,0,0,0,1.0
0,0,0,0,0,1.0
0,0,0,0,0,1.0
0,0,0,0,0,1.0
0,0,0,0,0,1.0
0,0,0,0,0,1.0
0,0,0,0,0,1.0
0,0,0,0,0,1.0
0,0,0,0,0,1.0
0,0,0,0,0,1.0
0,0,0,0,0,1.0
0,0,0,0,0,1.0
0,0,0,0,0,1.0
0,0,0,0,0,1.0
0,0,0,0,0,1.0
0,0,0,0,0,1.0
0,0,0,0,0,1.0
0,0,0,0,0,1.0
0,0,0,0,0,1.0
0,0,0,0,0,1.0
0,0,0,0,0,1.0
0,0,0,0,0,1.0
0,0,0,0,0,1.0
0,0,0,0,0,1.0
0,0,0,0,0,1.0
0,0,0,0,0,1.0
0,0,0,0,0,1.0
0,0,0,0,0,1.0
0,0,0,0,0,1.0
0,0,0,0,0,1.0
0,0,0,0,0,1.0
0,0,0,0,0,1.0
0,0,0,0,0,1.0
0,0,0,0,0,1.0
0,0,0,0,0,1.0
0,0,0,0,0,1.0
0,0,0,0,0,1.0
0,0,1,0,0,1.0
0,0,0,0,0,1.0
0,0,1,0,0,1.0
0,0,0,0,0,1.0
0,0,0,0,0,1.0
0,0,0,0,0,1.0
1,0,1,0,0,1.0
0,0,1,0,0,1.0
0,0,0,0,0,1.0
0,0,0,0,0,1.0
0,0,0,0,0,1.0
0,0,0,0,0,1.0
0,0,0,0,0,1.0
0,0,0,0,0,1.0
0,0,0,0,0,1.0
0,0,0,0,0,1.0
0,0,0,0,0,1.0
0,0,0,0,0,1.0
0,0,0,0,0,1.0
0,0,0,0,0,1.0
0,0,0,0,0,1.0
0,0,1,0,0,1.0
0,0,0,0,0,1.0
0,0,1,0,0,1.0
0,0,1,0,0,1.0
0,0,0,0,0,1.0
0,0,0,0,0,1.0
0,0,0,0,0,1.0
0,0,0,0,0,1.0
0,0,0,0,0,1.0
0,0,1,0,0,1.0
0,0,0,0,0,1.0
0,0,0,0,0,1.0
0,0,0,0,0,1.0
0,0,0,0,0,1.0
0,0,0,0,0,1.0
0,0,0,0,0,1.0
0,0,0,0,0,1.0
0,0,0,0,0,1.0
0,0,0,0,0,1.0
0,0,0,0,0,1.0
0,0,0,0,0,1.0
0,0,0,0,0,1.0
0,0,0,0,0,1.0
0,0,0,0,0,1.0
0,0,0,0,0,1.0
0,0,0,0,0,1.0
0,0,0,0,0,1.0
0,0,0,0,0,1.0
0,0,0,0,0,1.0
0,0,0,0,0,1.0
0,0,0,0,0,1.0
0,0,0,0,0,1.0
0,0,0,0,0,1.0
0,0,0,0,0,1.0
0,0,0,0,0,1.0
0,0,0,0,0,1.0
0,0,0,0,0,1.0
0,0,0,0,0,1.0
0,0,0,0,0,1.0
0,0,0,0,0,1.0
0,0,0,0,0,1.0
0,0,0,0,0,1.0
0,0,0,0,0,1.0
0,0,0,0,0,1.0
0,0,0,0,0,1.0
0,0,0,0,0,1.0
0,0,0,0,0,1.0
0,0,0,0,0,1.0
0,0,0,0,0,1.0
0,0,0,0,0,1.0
0,0,0,0,0,1.0
0,0,0,0,0,1.0
1,1,1,1,1,1.0
0,0,0,0,0,1.0
0,0,0,0,0,1.0
0,0,0,0,0,1.0
0,0,0,0,0,1.0
0,0,0,0,0,1.0
0,0,0,0,0,1.0
0,0,0,0,0,1.0
0,0,0,0,0,1.0
0,0,0,0,0,1.0
0,0,0,0,0,1.0
0,0,0,0,0,1.0
0,0,0,0,0,1.0
0,0,0,0,0,1.0
0,0,0,0,0,1.0
0,0,0,0,0,1.0
0,0,0,0,0,1.0
0,0,0,0,0,1.0
0,0,1,0,0,1.0
0,0,1,0,0,1.0
0,0,0,0,0,1.0
0,0,0,0,0,1.0
0,0,0,0,0,1.0
0,0,0,0,0,1.0
0,0,0,0,0,1.0
0,0,0,0,0,1.0
0,0,0,0,0,1.0
0,0,0,0,0,1.0
0,0,0,0,0,1.0
0,0,0,0,0,1.0
0,0,0,0,0,1.0
0,0,0,0,0,1.0
0,0,0,0,0,1.0
0,0,0,0,0,1.0
0,0,0,0,0,1.0
0,0,0,0,0,1.0
0,0,0,0,0,1.0
0,0,0,0,0,1.0
0,0,0,0,0,1.0
0,0,0,0,0,1.0
0,0,0,0,0,1.0
0,0,0,0,0,1.0
0,0,0,0,0,1.0
0,0,0,0,0,1.0
0,0,0,0,0,1.0
0,0,0,0,0,1.0
0,0,0,0,0,1.0
0,0,0,0,0,1.0
0,0,0,0,0,1.0
0,0,0,0,0,1.0
0,0,0,0,0,1.0
0,0,0,0,0,1.0
0,0,0,0,0,1.0
0,0,0,0,0,1.0
0,0,0,0,0,1.0
0,0,0,0,0,1.0
0,0,0,0,0,1.0
0,0,0,0,0,1.0
0,0,0,0,0,1.0
0,0,0,0,0,1.0
0,0,0,0,0,1.0
1,1,0,1,1,1.0
0,0,0,0,0,1.0
0,0,0,0,0,1.0
0,0,0,0,0,1.0
0,1,0,1,1,1.0
0,0,0,0,0,1.0
0,0,0,0,0,1.0
0,0,0,0,0,1.0
0,0,0,0,0,1.0
0,0,0,0,0,1.0
0,0,0,0,0,1.0
0,0,0,0,0,1.0
0,0,0,0,0,1.0
0,0,0,0,0,1.0
0,0,0,0,0,1.0
0,0,0,0,0,1.0
0,0,0,0,0,1.0
0,0,0,0,0,1.0
0,0,0,0,0,1.0
0,0,0,0,0,1.0
0,0,0,0,0,1.0
0,0,0,0,0,1.0
0,0,0,0,0,1.0
0,0,0,0,0,1.0
0,0,0,0,0,1.0
0,0,0,0,0,1.0
0,0,0,0,0,1.0
0,0,0,0,0,1.0
0,0,0,0,0,1.0
0,0,0,0,0,1.0
0,0,0,0,0,1.0
1,0,0,0,0,1.0
0,0,0,0,0,1.0
0,0,0,0,0,1.0
0,0,0,0,0,1.0
0,0,0,0,0,1.0
0,0,0,0,0,1.0
0,0,0,0,0,1.0
0,0,0,0,0,1.0
0,0,0,0,0,1.0
0,0,0,0,0,1.0
0,0,0,0,0,1.0
0,0,0,0,0,1.0
0,0,0,0,0,1.0
0,0,0,0,0,1.0
0,0,0,0,0,1.0
0,0,0,0,0,1.0
0,0,0,0,0,1.0
0,0,0,0,0,1.0
0,0,0,0,0,1.0
0,0,0,0,0,1.0
0,0,0,0,0,1.0
0,0,0,0,0,1.0
0,0,0,0,0,1.0
0,0,0,0,0,1.0
0,0,0,0,0,1.0
0,0,0,0,0,1.0
0,0,0,0,0,1.0
0,0,0,0,0,1.0
0,0,0,0,0,1.0
0,0,0,0,0,1.0
0,0,0,0,0,1.0
0,0,0,0,0,1.0
0,0,0,0,0,1.0
0,0,0,0,0,1.0
0,0,0,0,0,1.0
0,0,0,0,0,1.0
0,0,0,0,0,1.0
0,0,0,0,0,1.0
0,0,0,0,0,1.0
0,0,0,0,0,1.0
0,0,0,0,0,1.0
0,0,0,0,0,1.0
0,0,0,0,0,1.0
0,0,0,0,0,1.0
0,0,0,0,0,1.0
0,0,0,0,0,1.0
0,0,0,0,0,1.0
0,0,0,0,0,1.0
0,0,0,0,0,1.0
0,0,0,0,0,1.0
0,0,0,0,0,1.0
0,0,0,0,0,1.0
0,0,0,0,0,1.0
0,0,0,0,0,1.0
0,0,0,0,0,1.0
0,0,0,0,0,1.0
0,0,0,0,0,1.0
0,0,0,0,0,1.0
0,0,0,0,0,1.0
0,0,0,0,0,1.0
0,0,0,0,0,1.0
0,0,0,0,0,1.0
0,0,0,0,0,1.0
0,0,0,0,0,1.0
0,0,0,0,0,1.0
0,0,0,0,0,1.0
0,0,0,0,0,1.0
0,0,0,0,0,1.0
0,0,0,0,0,1.0
0,0,0,0,0,1.0
0,0,0,0,0,1.0
0,0,0,0,0,1.0
0,0,0,0,0,1.0
0,0,0,0,0,1.0
0,0,0,0,0,1.0
0,0,1,0,0,1.0
0,0,0,0,0,1.0
0,0,0,0,0,1.0
0,0,0,0,0,1.0
0,0,0,0,0,1.0
0,0,0,0,0,1.0
0,0,0,0,0,1.0
0,0,0,0,0,1.0
0,0,0,0,0,1.0
0,0,0,0,0,1.0
0,0,0,0,0,1.0
0,0,0,0,0,1.0
0,0,0,0,0,1.0
0,0,0,0,0,1.0
0,0,0,0,0,1.0
0,0,0,0,0,1.0
0,0,0,0,0,1.0
0,0,0,0,0,1.0
0,0,0,0,0,1.0
0,0,0,0,0,1.0
0,0,0,0,0,1.0
0,0,0,0,0,1.0
0,0,0,0,0,1.0
0,0,0,0,0,1.0
0,0,0,0,0,1.0
0,0,0,0,0,1.0
0,0,0,0,0,1.0
0,0,0,0,0,1.0
0,0,1,0,0,1.0
0,0,1,0,0,1.0
0,0,0,0,0,1.0
0,0,0,0,0,1.0
0,0,0,0,0,1.0
0,0,0,0,0,1.0
0,0,0,0,0,1.0
0,0,0,0,0,1.0
0,0,0,0,0,1.0
0,0,0,0,0,1.0
0,0,0,0,0,1.0
0,0,0,0,0,1.0
0,0,0,0,0,1.0
0,0,0,0,0,1.0
0,0,0,0,0,1.0
0,0,0,0,0,1.0
0,0,0,0,0,1.0
0,0,0,0,0,1.0
0,0,0,0,0,1.0
0,0,0,0,0,1.0
1,0,0,0,0,1.0
0,0,0,0,0,1.0
0,0,0,0,0,1.0
0,0,0,0,0,1.0
0,0,0,0,0,1.0
0,0,0,0,0,1.0
0,0,0,0,0,1.0
0,0,0,0,0,1.0
0,0,0,0,0,1.0
0,0,0,0,0,1.0
0,0,0,0,0,1.0
0,0,0,0,0,1.0
0,0,0,0,0,1.0
0,0,0,0,0,1.0
0,0,0,0,0,1.0
0,0,0,0,0,1.0
0,0,0,0,0,1.0
0,0,0,0,0,1.0
0,0,0,0,0,1.0
0,0,0,0,0,1.0
0,0,0,0,0,1.0
0,0,0,0,0,1.0
0,0,0,0,0,1.0
0,0,0,0,0,1.0
0,0,0,0,0,1.0
0,0,0,0,0,1.0
0,0,0,0,0,1.0
0,0,0,0,0,1.0
1,1,1,1,1,1.0
0,0,0,0,0,1.0
0,0,0,0,0,1.0
0,0,1,0,0,1.0
0,0,0,0,0,1.0
0,0,0,0,0,1.0
0,0,0,0,0,1.0
0,0,0,0,0,1.0
0,0,0,0,0,1.0
0,0,1,0,0,1.0
0,0,0,0,0,1.0
0,0,0,0,0,1.0
0,0,0,0,0,1.0
0,0,0,0,0,1.0
0,0,0,0,0,1.0
0,0,0,0,0,1.0
0,0,0,0,0,1.0
0,0,0,0,0,1.0
0,0,0,0,0,1.0
0,0,1,0,0,1.0
0,0,1,0,0,1.0
0,0,0,0,0,1.0
0,0,0,0,0,1.0
0,0,1,0,0,1.0
0,1,1,0,0,1.0
0,0,0,0,0,1.0
0,0,0,0,0,1.0
0,0,0,0,0,1.0
0,0,0,0,0,1.0
0,0,0,0,0,1.0
0,0,0,0,0,1.0
0,0,0,0,0,1.0
0,0,0,0,0,1.0
0,0,0,0,0,1.0
0,0,0,0,0,1.0
0,0,1,0,0,1.0
0,0,0,0,0,1.0
0,0,1,0,0,1.0
0,0,0,0,0,1.0
0,0,0,0,0,1.0
0,0,0,0,0,1.0
0,0,1,0,0,1.0
0,0,0,0,0,1.0
0,0,0,0,0,1.0
0,0,0,0,0,1.0
0,0,0,0,0,1.0
0,0,0,0,0,1.0
0,0,1,0,0,1.0
0,0,0,0,0,1.0
0,0,0,0,0,1.0
0,0,0,0,0,1.0
0,0,0,0,0,1.0
0,1,1,1,1,0.0
1,0,1,0,0,1.0
0,0,0,0,0,1.0
0,0,0,0,0,1.0
0,0,0,0,0,1.0
0,0,0,0,0,1.0
0,0,0,0,0,1.0
0,0,0,0,0,1.0
0,0,0,0,0,1.0
0,0,0,0,0,1.0
0,0,0,0,0,1.0
0,0,0,0,0,1.0
0,0,0,0,0,1.0
0,0,0,0,0,1.0
0,0,0,0,0,1.0
0,0,0,0,0,1.0
0,0,0,0,0,1.0
0,0,0,0,0,1.0
0,0,0,0,0,1.0
0,0,0,0,0,1.0
0,0,0,0,0,1.0
0,0,0,0,0,1.0
0,0,0,0,0,1.0
0,0,0,0,0,1.0
0,0,0,0,0,1.0
0,0,0,0,0,1.0
0,0,0,0,0,1.0
0,1,1,1,1,0.0
0,0,0,0,0,1.0
0,0,0,0,0,1.0
0,0,0,0,0,1.0
0,0,0,0,0,1.0
0,0,0,0,0,1.0
0,0,0,0,0,1.0
0,0,0,0,0,1.0
0,0,0,0,0,1.0
1,1,1,1,1,1.0
0,0,0,0,0,1.0
0,0,0,0,0,1.0
0,0,0,0,0,1.0
0,0,0,0,0,1.0
0,0,0,0,0,1.0
0,0,0,0,0,1.0
0,0,1,0,0,1.0
0,0,0,0,0,1.0
0,0,0,0,0,1.0
0,0,0,0,0,1.0
0,0,0,0,0,1.0
0,0,0,0,0,1.0
1,1,1,1,1,1.0
0,0,0,0,0,1.0
0,0,0,0,0,1.0
0,0,0,0,0,1.0
0,0,0,0,0,1.0
0,0,0,0,0,1.0
0,0,0,0,0,1.0
0,0,0,0,0,1.0
0,0,0,0,0,1.0
0,0,0,0,0,1.0
0,0,0,0,0,1.0
0,0,0,0,0,1.0
0,0,0,0,0,1.0
0,0,0,0,0,1.0
0,0,0,0,0,1.0
0,0,0,0,0,1.0
0,0,0,0,0,1.0
0,0,0,0,0,1.0
0,0,0,0,0,1.0
0,0,0,0,0,1.0
0,0,0,0,0,1.0
0,0,0,0,0,1.0
0,0,0,0,0,1.0
0,0,0,0,0,1.0
0,0,0,0,0,1.0
0,0,0,0,0,1.0
0,0,0,0,0,1.0
0,0,0,0,0,1.0
0,0,0,0,0,1.0
0,0,0,0,0,1.0
0,0,0,0,0,1.0
0,0,0,0,0,1.0
0,0,0,0,0,1.0
0,0,0,0,0,1.0
0,0,0,0,0,1.0
0,0,0,0,0,1.0
0,0,0,0,0,1.0
0,0,0,0,0,1.0
0,0,0,0,0,1.0
0,0,0,0,0,1.0
0,0,0,0,0,1.0
0,0,0,0,0,1.0
0,0,0,0,0,1.0
0,0,0,0,0,1.0
0,0,0,0,0,1.0
0,0,0,0,0,1.0
0,0,0,0,0,1.0
0,0,0,0,0,1.0
0,0,0,0,0,1.0
0,0,0,0,0,1.0
0,0,0,0,0,1.0
0,0,0,0,0,1.0
0,0,0,0,0,1.0
0,0,0,0,0,1.0
0,0,0,0,0,1.0
0,0,0,0,0,1.0
0,0,0,0,0,1.0
0,0,0,0,0,1.0
0,0,0,0,0,1.0
0,0,0,0,0,1.0
0,0,0,0,0,1.0
0,0,0,0,0,1.0
0,0,0,0,0,1.0
0,0,0,0,0,1.0
0,0,0,0,0,1.0
0,0,0,0,0,1.0
0,0,0,0,0,1.0
0,0,0,0,0,1.0
0,0,0,0,0,1.0
0,0,0,0,0,1.0
0,0,0,0,0,1.0
0,0,0,0,0,1.0
0,0,0,0,0,1.0
0,0,0,0,0,1.0
0,0,1,0,0,1.0
0,0,0,0,0,1.0
0,0,0,0,0,1.0
0,0,0,0,0,1.0
0,0,0,0,0,1.0
0,0,0,0,0,1.0
0,0,0,0,0,1.0
0,0,0,0,0,1.0
0,0,0,0,0,1.0
0,0,0,0,0,1.0
0,0,0,0,0,1.0
0,0,0,0,0,1.0
0,0,0,0,0,1.0
0,0,0,0,0,1.0
0,0,0,0,0,1.0
0,0,0,0,0,1.0
0,0,0,0,0,1.0
0,0,0,0,0,1.0
0,0,0,0,0,1.0
0,0,0,0,0,1.0
0,0,0,0,0,1.0
0,0,0,0,0,1.0
0,0,0,0,0,1.0
0,0,0,0,0,1.0
0,0,0,0,0,1.0
0,0,0,0,0,1.0
0,0,0,0,0,1.0
0,0,0,0,0,1.0
0,0,0,0,0,1.0
0,0,0,0,0,1.0
0,0,0,0,0,1.0
0,0,0,0,0,1.0
0,0,0,0,0,1.0
0,0,0,0,0,1.0
0,0,0,0,0,1.0
0,0,0,0,0,1.0
0,0,0,0,0,1.0
0,0,0,0,0,1.0
0,0,0,0,0,1.0
0,0,0,0,0,1.0
0,0,0,0,0,1.0
0,0,0,0,0,1.0
0,0,0,0,0,1.0
0,0,0,0,0,1.0
0,0,0,0,0,1.0
0,0,0,0,0,1.0
0,0,0,0,0,1.0
0,0,0,0,0,1.0
0,0,0,0,0,1.0
0,0,0,0,0,1.0
0,0,0,0,0,1.0
0,0,0,0,0,1.0
0,0,0,0,0,1.0
0,0,0,0,0,1.0
0,0,0,0,0,1.0
0,0,0,0,0,1.0
0,0,0,0,0,1.0
0,0,0,0,0,1.0
0,0,0,0,0,1.0
0,0,0,0,0,1.0
0,0,0,0,0,1.0
0,0,0,0,0,1.0
0,0,0,0,0,1.0
0,0,0,0,0,1.0
0,0,0,0,0,1.0
0,0,0,0,0,1.0
0,0,0,0,0,1.0
0,0,0,0,0,1.0
0,0,0,0,0,1.0
0,0,0,0,0,1.0
0,0,0,0,0,1.0
0,0,0,0,0,1.0
0,0,0,0,0,1.0
0,0,0,0,0,1.0
0,0,0,0,0,1.0
0,0,0,0,0,1.0
0,0,0,0,0,1.0
0,0,0,0,0,1.0
0,0,0,0,0,1.0
0,0,0,0,0,1.0
0,0,0,0,0,1.0
0,0,0,0,0,1.0
0,0,0,0,0,1.0
0,0,0,0,0,1.0
0,0,0,0,0,1.0
0,0,0,0,0,1.0
0,0,0,0,0,1.0
0,0,0,0,0,1.0
0,0,0,0,0,1.0
0,0,0,0,0,1.0
0,0,0,0,0,1.0
0,0,0,0,0,1.0
0,0,0,0,0,1.0
0,0,0,0,0,1.0
0,0,0,0,0,1.0
0,0,0,0,0,1.0
0,0,0,0,0,1.0
0,0,0,0,0,1.0
0,0,0,0,0,1.0
0,0,0,0,0,1.0
0,0,0,0,0,1.0
0,0,0,0,0,1.0
0,0,0,0,0,1.0
0,0,0,0,0,1.0
0,0,0,0,0,1.0
0,0,0,0,0,1.0
0,0,0,0,0,1.0
0,0,0,0,0,1.0
0,0,0,0,0,1.0
0,0,0,0,0,1.0
0,0,0,0,0,1.0
0,0,0,0,0,1.0
0,0,0,0,0,1.0
0,0,0,0,0,1.0
0,0,0,0,0,1.0
0,0,0,0,0,1.0
0,0,0,0,0,1.0
0,0,0,0,0,1.0
0,0,0,0,0,1.0
0,0,0,0,0,1.0
0,0,0,0,0,1.0
0,0,0,0,0,1.0
0,0,0,0,0,1.0
0,0,0,0,0,1.0
0,0,0,0,0,1.0
0,0,0,0,0,1.0
0,0,0,0,0,1.0
0,0,0,0,0,1.0
0,0,0,0,0,1.0
0,0,0,0,0,1.0
0,0,0,0,0,1.0
0,0,0,0,0,1.0
0,0,0,0,0,1.0
0,0,0,0,0,1.0
0,0,0,0,0,1.0
0,0,0,0,0,1.0
0,0,0,0,0,1.0
0,0,0,0,0,1.0
0,0,0,0,0,1.0
0,0,0,0,0,1.0
0,0,0,0,0,1.0
0,0,0,0,0,1.0
0,0,0,0,0,1.0
0,0,0,0,0,1.0
0,0,0,0,0,1.0
0,0,0,0,0,1.0
0,0,0,0,0,1.0
0,0,0,0,0,1.0
0,0,0,0,0,1.0
0,0,0,0,0,1.0
0,0,0,0,0,1.0
0,0,0,0,0,1.0
0,0,0,0,0,1.0
0,0,0,0,0,1.0
0,0,0,0,0,1.0
0,0,0,0,0,1.0
0,0,0,0,0,1.0
0,0,0,0,0,1.0
0,0,0,0,0,1.0
0,0,0,0,0,1.0
0,0,0,0,0,1.0
0,0,0,0,0,1.0
0,0,0,0,0,1.0
0,0,0,0,0,1.0
1,1,0,1,1,1.0
0,0,0,0,0,1.0
0,0,0,0,0,1.0
0,0,0,0,0,1.0
0,0,0,0,0,1.0
0,0,0,0,0,1.0
0,0,0,0,0,1.0
0,0,0,0,0,1.0
0,0,0,0,0,1.0
0,0,0,0,0,1.0
0,0,0,0,0,1.0
0,0,0,0,0,1.0
0,0,0,0,0,1.0
0,0,0,0,0,1.0
0,0,0,0,0,1.0
0,0,0,0,0,1.0
0,0,0,0,0,1.0
0,0,0,0,0,1.0
0,0,0,0,0,1.0
0,0,0,0,0,1.0
0,0,0,0,0,1.0
0,0,0,0,0,1.0
0,0,0,0,0,1.0
0,0,0,0,0,1.0
0,0,0,0,0,1.0
0,0,0,0,0,1.0
0,0,0,0,0,1.0
0,0,0,0,0,1.0
0,0,0,0,0,1.0
0,0,0,0,0,1.0
0,0,0,0,0,1.0
0,0,0,0,0,1.0
0,0,0,0,0,1.0
0,0,0,0,0,1.0
0,0,0,0,0,1.0
0,0,0,0,0,1.0
0,0,0,0,0,1.0
0,0,0,0,0,1.0
0,0,0,0,0,1.0
0,0,0,0,0,1.0
0,0,0,0,0,1.0
0,0,0,0,0,1.0
0,0,0,0,0,1.0
0,0,0,0,0,1.0
0,0,0,0,0,1.0
0,0,0,0,0,1.0
0,0,0,0,0,1.0
0,0,0,0,0,1.0
0,0,0,0,0,1.0
0,0,0,0,0,1.0
0,0,0,0,0,1.0
0,0,0,0,0,1.0
0,0,0,0,0,1.0
0,0,0,0,0,1.0
0,0,0,0,0,1.0
0,0,0,0,0,1.0
0,0,0,0,0,1.0
0,0,0,0,0,1.0
0,0,0,0,0,1.0
0,0,0,0,0,1.0
0,0,0,0,0,1.0
0,0,0,0,0,1.0
0,0,0,0,0,1.0
0,0,0,0,0,1.0
0,0,0,0,0,1.0
0,0,0,0,0,1.0
0,0,0,0,0,1.0
0,0,0,0,0,1.0
0,0,0,0,0,1.0
0,0,0,0,0,1.0
0,0,0,0,0,1.0
0,0,0,0,0,1.0
0,0,1,0,0,1.0
0,0,1,0,0,1.0
0,0,0,0,0,1.0
0,0,0,0,0,1.0
0,0,0,0,0,1.0
0,0,0,0,0,1.0
0,0,0,0,0,1.0
0,0,0,0,0,1.0
0,0,0,0,0,1.0
0,0,0,0,0,1.0
0,0,0,0,0,1.0
0,0,0,0,0,1.0
0,0,0,0,0,1.0
0,0,0,0,0,1.0
0,0,0,0,0,1.0
0,0,0,0,0,1.0
0,0,0,0,0,1.0
0,0,0,0,0,1.0
0,0,0,0,0,1.0
0,0,0,0,0,1.0
0,0,0,0,0,1.0
0,0,0,0,0,1.0
0,0,0,0,0,1.0
0,0,0,0,0,1.0
0,0,0,0,0,1.0
0,0,0,0,0,1.0
0,0,0,0,0,1.0
0,0,0,0,0,1.0
0,0,0,0,0,1.0
0,0,0,0,0,1.0
0,0,0,0,0,1.0
0,0,0,0,0,1.0
0,0,0,0,0,1.0
0,0,0,0,0,1.0
0,0,0,0,0,1.0
0,0,0,0,0,1.0
0,0,0,0,0,1.0
0,0,0,0,0,1.0
0,0,0,0,0,1.0
0,0,0,0,0,1.0
0,0,0,0,0,1.0
0,0,0,0,0,1.0
0,0,0,0,0,1.0
0,0,0,0,0,1.0
0,0,0,0,0,1.0
0,0,0,0,0,1.0
0,0,0,0,0,1.0
0,0,0,0,0,1.0
0,0,0,0,0,1.0
0,0,0,0,0,1.0
0,0,0,0,0,1.0
0,0,0,0,0,1.0
0,0,0,0,0,1.0
0,0,0,0,0,1.0
0,0,0,0,0,1.0
0,0,0,0,0,1.0
0,0,0,0,0,1.0
0,0,0,0,0,1.0
0,0,0,0,0,1.0
0,0,0,0,0,1.0
0,0,0,0,0,1.0
0,0,0,0,0,1.0
0,0,0,0,0,1.0
0,0,0,0,0,1.0
0,0,0,0,0,1.0
0,0,0,0,0,1.0
0,0,0,0,0,1.0
0,0,0,0,0,1.0
0,0,0,0,0,1.0
0,0,0,0,0,1.0
0,0,0,0,0,1.0
0,0,0,0,0,1.0
0,0,0,0,0,1.0
0,0,0,0,0,1.0
0,0,0,0,0,1.0
0,0,0,0,0,1.0
0,0,0,0,0,1.0
0,0,0,0,0,1.0
0,0,0,0,0,1.0
0,0,0,0,0,1.0
0,0,0,0,0,1.0
0,0,0,0,0,1.0
0,0,0,0,0,1.0
0,0,0,0,0,1.0
0,0,0,0,0,1.0
0,0,0,0,0,1.0
0,0,0,0,0,1.0
0,0,0,0,0,1.0
0,0,0,0,0,1.0
0,0,0,0,0,1.0
0,0,0,0,0,1.0
0,0,0,0,0,1.0
0,0,0,0,0,1.0
0,0,0,0,0,1.0
0,0,0,0,0,1.0
0,0,0,0,0,1.0
0,0,0,0,0,1.0
0,0,0,0,0,1.0
0,0,0,0,0,1.0
0,0,0,0,0,1.0
0,0,0,0,0,1.0
0,0,0,0,0,1.0
0,0,0,0,0,1.0
0,0,0,0,0,1.0
0,0,0,0,0,1.0
0,0,0,0,0,1.0
0,0,0,0,0,1.0
0,0,0,0,0,1.0
0,0,0,0,0,1.0
0,0,0,0,0,1.0
0,0,0,0,0,1.0
0,0,0,0,0,1.0
0,0,0,0,0,1.0
0,0,0,0,0,1.0
0,0,0,0,0,1.0
0,0,0,0,0,1.0
0,0,0,0,0,1.0
0,0,0,0,0,1.0
0,0,0,0,0,1.0
0,0,0,0,0,1.0
0,0,0,0,0,1.0
0,0,0,0,0,1.0
0,0,0,0,0,1.0
0,0,0,0,0,1.0
0,0,0,0,0,1.0
0,0,0,0,0,1.0
0,0,0,0,0,1.0
0,0,0,0,0,1.0
0,0,0,0,0,1.0
0,0,0,0,0,1.0
0,0,0,0,0,1.0
0,0,0,0,0,1.0
0,0,0,0,0,1.0
0,0,0,0,0,1.0
0,0,0,0,0,1.0
0,0,0,0,0,1.0
0,0,0,0,0,1.0
0,0,0,0,0,1.0
0,0,0,0,0,1.0
1,1,0,1,1,1.0
0,0,0,0,0,1.0
0,0,0,0,0,1.0
0,0,0,0,0,1.0
0,0,0,0,0,1.0
0,0,0,0,0,1.0
0,0,0,0,0,1.0
0,1,0,0,0,1.0
0,0,0,0,0,1.0
0,0,0,0,0,1.0
0,0,0,0,0,1.0
0,0,0,0,0,1.0
0,0,0,0,0,1.0
0,0,0,0,0,1.0
0,0,0,0,0,1.0
0,0,0,0,0,1.0
0,0,0,0,0,1.0
0,0,0,0,0,1.0
0,0,0,0,0,1.0
0,0,0,0,0,1.0
0,0,0,0,0,1.0
0,0,0,0,0,1.0
0,0,0,0,0,1.0
0,0,0,0,0,1.0
0,0,0,0,0,1.0
0,0,0,0,0,1.0
0,0,0,0,0,1.0
0,0,0,0,0,1.0
0,0,0,0,0,1.0
0,0,0,0,0,1.0
0,0,0,0,0,1.0
0,0,0,0,0,1.0
0,0,0,0,0,1.0
0,0,0,0,0,1.0
0,0,0,0,0,1.0
0,0,0,0,0,1.0
0,0,0,0,0,1.0
0,0,0,0,0,1.0
0,0,0,0,0,1.0
0,0,0,0,0,1.0
0,0,0,0,0,1.0
0,0,0,0,0,1.0
0,0,0,0,0,1.0
0,0,0,0,0,1.0
0,0,0,0,0,1.0
0,0,0,0,0,1.0
0,0,0,0,0,1.0
0,0,0,0,0,1.0
0,0,0,0,0,1.0
0,0,0,0,0,1.0
0,0,0,0,0,1.0
0,0,0,0,0,1.0
0,0,0,0,0,1.0
0,0,0,0,0,1.0
0,0,0,0,0,1.0
0,0,0,0,0,1.0
0,0,0,0,0,1.0
0,0,0,0,0,1.0
0,0,0,0,0,1.0
0,0,0,0,0,1.0
0,0,0,0,0,1.0
0,0,0,0,0,1.0
0,0,0,0,0,1.0
0,0,0,0,0,1.0
0,0,0,0,0,1.0
0,0,0,0,0,1.0
0,0,0,0,0,1.0
0,0,0,0,0,1.0
0,0,0,0,0,1.0
0,0,0,0,0,1.0
0,0,0,0,0,1.0
0,0,0,0,0,1.0
0,0,0,0,0,1.0
0,0,0,0,0,1.0
0,0,0,0,0,1.0
1,1,1,1,1,1.0
0,1,1,1,1,0.0
0,1,1,1,1,0.0
1,1,1,1,1,1.0
0,0,0,0,0,1.0
0,0,0,0,0,1.0
0,0,0,0,0,1.0
0,0,0,0,0,1.0
0,0,0,0,0,1.0
0,0,0,0,0,1.0
0,0,0,0,0,1.0
0,0,0,0,0,1.0
0,0,0,0,0,1.0
0,0,0,0,0,1.0
0,0,0,0,0,1.0
0,0,0,0,0,1.0
0,0,0,0,0,1.0
0,0,0,0,0,1.0
0,0,0,0,0,1.0
0,0,0,0,0,1.0
0,0,0,0,0,1.0
0,0,0,0,0,1.0
0,0,0,0,0,1.0
0,0,0,0,0,1.0
0,0,0,0,0,1.0
0,0,0,0,0,1.0
0,0,0,0,0,1.0
0,0,0,0,0,1.0
0,0,0,0,0,1.0
0,0,0,0,0,1.0
0,0,0,0,0,1.0
0,0,0,0,0,1.0
0,0,0,0,0,1.0
0,0,0,0,0,1.0
0,0,0,0,0,1.0
0,0,0,0,0,1.0
0,0,0,0,0,1.0
0,0,0,0,0,1.0
0,0,0,0,0,1.0
0,0,0,0,0,1.0
0,0,0,0,0,1.0
0,0,0,0,0,1.0
0,0,0,0,0,1.0
0,0,0,0,0,1.0
0,0,0,0,0,1.0
0,0,0,0,0,1.0
0,0,0,0,0,1.0
0,0,0,0,0,1.0
0,0,0,0,0,1.0
0,0,0,0,0,1.0
0,0,0,0,0,1.0
0,0,0,0,0,1.0
0,0,0,0,0,1.0
0,0,0,0,0,1.0
0,0,0,0,0,1.0
0,0,0,0,0,1.0
0,0,0,0,0,1.0
0,0,0,0,0,1.0
1,0,0,0,0,1.0
0,0,0,0,0,1.0
0,0,0,0,0,1.0
0,0,0,0,0,1.0
0,0,0,0,0,1.0
0,0,0,0,0,1.0
0,0,0,0,0,1.0
0,0,0,0,0,1.0
0,0,0,0,0,1.0
0,0,0,0,0,1.0
0,0,0,0,0,1.0
0,0,0,0,0,1.0
0,0,0,0,0,1.0
0,0,0,0,0,1.0
0,0,0,0,0,1.0
0,0,0,0,0,1.0
0,0,0,0,0,1.0
0,0,0,0,0,1.0
0,0,0,0,0,1.0
0,0,0,0,0,1.0
0,0,0,0,0,1.0
0,0,0,0,0,1.0
0,0,0,0,0,1.0
0,0,0,0,0,1.0
0,0,0,0,0,1.0
0,0,0,0,0,1.0
0,0,0,0,0,1.0
0,0,0,0,0,1.0
0,0,0,0,0,1.0
0,0,0,0,0,1.0
0,1,1,1,1,0.0
0,0,0,0,0,1.0
0,1,1,1,1,0.0
0,0,0,0,0,1.0
0,0,0,0,0,1.0
0,1,1,0,1,0.0
0,0,0,0,0,1.0
0,0,0,0,0,1.0
0,0,0,0,0,1.0
0,0,0,0,0,1.0
0,0,0,0,0,1.0
0,0,0,0,0,1.0
0,1,0,1,1,1.0
0,0,0,0,0,1.0
0,0,0,0,0,1.0
0,0,0,0,0,1.0
0,0,0,0,0,1.0
0,0,0,0,0,1.0
0,0,0,0,0,1.0
0,0,0,0,0,1.0
0,0,0,0,0,1.0
0,0,0,0,0,1.0
0,0,0,0,0,1.0
0,0,0,0,0,1.0
0,0,0,0,0,1.0
0,0,0,0,0,1.0
0,0,0,0,0,1.0
0,0,0,0,0,1.0
0,0,0,0,0,1.0
0,0,0,0,0,1.0
0,0,0,0,0,1.0
0,0,0,0,0,1.0
0,0,0,0,0,1.0
0,0,0,0,0,1.0
0,0,0,0,0,1.0
0,0,0,0,0,1.0
0,0,0,0,0,1.0
0,0,0,0,0,1.0
0,0,0,0,0,1.0
0,0,0,0,0,1.0
0,0,0,0,0,1.0
0,0,0,0,0,1.0
0,0,0,0,0,1.0
0,0,0,0,0,1.0
0,0,0,0,0,1.0
0,0,0,0,0,1.0
0,0,0,0,0,1.0
0,0,0,0,0,1.0
0,0,0,0,0,1.0
0,0,0,0,0,1.0
0,0,0,0,0,1.0
0,0,0,0,0,1.0
0,0,0,0,0,1.0
0,0,0,0,0,1.0
0,0,0,0,0,1.0
0,0,0,0,0,1.0
0,0,0,0,0,1.0
0,0,0,0,0,1.0
0,0,0,0,0,1.0
0,0,0,0,0,1.0
0,0,0,0,0,1.0
0,0,0,0,0,1.0
0,0,0,0,0,1.0
0,0,0,0,0,1.0
0,0,0,0,0,1.0
0,0,0,0,0,1.0
0,0,1,0,0,1.0
0,0,0,0,0,1.0
0,0,0,0,0,1.0
0,0,0,0,0,1.0
0,0,0,0,0,1.0
0,0,0,0,0,1.0
0,0,0,0,0,1.0
0,0,0,0,0,1.0
0,0,0,0,0,1.0
0,1,1,1,1,0.0
0,0,0,0,0,1.0
0,0,0,0,0,1.0
0,0,0,0,0,1.0
0,0,0,0,0,1.0
0,0,0,0,0,1.0
0,0,0,0,0,1.0
0,0,0,0,0,1.0
0,0,0,0,0,1.0
0,0,0,0,0,1.0
0,0,0,0,0,1.0
0,0,0,0,0,1.0
0,0,0,0,0,1.0
0,0,0,0,0,1.0
0,0,0,0,0,1.0
0,0,0,0,0,1.0
0,0,0,0,0,1.0
0,0,0,0,0,1.0
0,0,0,0,0,1.0
0,0,0,0,0,1.0
0,0,0,0,0,1.0
0,0,0,0,0,1.0
0,0,0,0,0,1.0
0,0,0,0,0,1.0
0,0,0,0,0,1.0
0,0,0,0,0,1.0
0,0,0,0,0,1.0
0,0,0,0,0,1.0
0,0,0,0,0,1.0
0,0,0,0,0,1.0
0,0,0,0,0,1.0
0,0,0,0,0,1.0
0,0,0,0,0,1.0
0,0,0,0,0,1.0
0,0,0,0,0,1.0
0,0,0,0,0,1.0
0,0,0,0,0,1.0
0,0,0,0,0,1.0
0,0,0,0,0,1.0
0,0,0,0,0,1.0
0,0,0,0,0,1.0
0,0,0,0,0,1.0
0,0,0,0,0,1.0
0,0,0,0,0,1.0
0,0,0,0,0,1.0
0,0,0,0,0,1.0
0,0,0,0,0,1.0
0,0,0,0,0,1.0
0,0,0,0,0,1.0
0,0,0,0,0,1.0
0,0,0,0,0,1.0
0,0,0,0,0,1.0
0,0,0,0,0,1.0
0,0,0,0,0,1.0
0,0,0,0,0,1.0
0,0,0,0,0,1.0
0,0,0,0,0,1.0
0,0,0,0,0,1.0
0,0,0,0,0,1.0
0,0,0,0,0,1.0
0,0,0,0,0,1.0
0,0,0,0,0,1.0
0,1,1,1,1,0.0
0,0,0,0,0,1.0
0,0,0,0,0,1.0
0,0,0,0,0,1.0
0,0,0,0,0,1.0
0,0,0,0,0,1.0
0,0,0,0,0,1.0
0,0,0,0,0,1.0
0,0,0,0,0,1.0
1,1,1,1,1,1.0
0,0,0,0,0,1.0
0,0,0,0,0,1.0
0,0,0,0,0,1.0
0,0,0,0,0,1.0
0,0,0,0,0,1.0
0,0,0,0,0,1.0
0,0,0,0,0,1.0
0,0,0,0,0,1.0
0,0,0,0,0,1.0
0,0,0,0,0,1.0
0,0,0,0,0,1.0
0,1,0,1,1,1.0
0,0,0,0,0,1.0
0,0,0,0,0,1.0
0,0,0,0,0,1.0
0,0,0,0,0,1.0
0,0,0,0,0,1.0
0,0,0,0,0,1.0
0,0,0,0,0,1.0
0,0,0,0,0,1.0
0,0,0,0,0,1.0
0,0,0,0,0,1.0
0,0,0,0,0,1.0
0,0,0,0,0,1.0
0,0,0,0,0,1.0
0,0,0,0,0,1.0
0,0,0,0,0,1.0
0,0,0,0,0,1.0
0,0,0,0,0,1.0
0,0,0,0,0,1.0
0,0,0,0,0,1.0
0,0,0,0,0,1.0
0,0,0,0,0,1.0
0,0,0,0,0,1.0
0,0,0,0,0,1.0
0,0,0,0,0,1.0
0,0,0,0,0,1.0
0,0,0,0,0,1.0
0,0,0,0,0,1.0
0,0,0,0,0,1.0
0,0,0,0,0,1.0
0,0,0,0,0,1.0
0,0,0,0,0,1.0
0,0,0,0,0,1.0
0,0,0,0,0,1.0
0,0,0,0,0,1.0
0,0,0,0,0,1.0
0,0,0,0,0,1.0
0,0,0,0,0,1.0
0,0,0,0,0,1.0
0,0,0,0,0,1.0
0,0,0,0,0,1.0
0,0,0,0,0,1.0
0,0,0,0,0,1.0
0,0,0,0,0,1.0
0,0,0,0,0,1.0
0,0,0,0,0,1.0
0,0,0,0,0,1.0
0,0,0,0,0,1.0
0,0,0,0,0,1.0
0,0,0,0,0,1.0
0,0,0,0,0,1.0
0,0,0,0,0,1.0
0,0,0,0,0,1.0
0,0,0,0,0,1.0
0,0,0,0,0,1.0
0,0,0,0,0,1.0
0,0,0,0,0,1.0
0,0,0,0,0,1.0
0,0,0,0,0,1.0
0,0,0,0,0,1.0
0,0,0,0,0,1.0
0,0,0,0,0,1.0
0,0,0,0,0,1.0
0,0,0,0,0,1.0
0,0,0,0,0,1.0
0,0,0,0,0,1.0
0,0,0,0,0,1.0
0,0,0,0,0,1.0
0,0,0,0,0,1.0
0,0,0,0,0,1.0
0,0,0,0,0,1.0
0,0,0,0,0,1.0
0,0,0,0,0,1.0
0,0,0,0,0,1.0
0,0,0,0,0,1.0
0,0,0,0,0,1.0
0,0,0,0,0,1.0
0,0,0,0,0,1.0
0,0,0,0,0,1.0
0,0,0,0,0,1.0
0,0,0,0,0,1.0
0,0,0,0,0,1.0
0,0,0,0,0,1.0
0,0,0,0,0,1.0
0,0,0,0,0,1.0
0,0,0,0,0,1.0
0,0,0,0,0,1.0
0,0,0,0,0,1.0
0,0,0,0,0,1.0
0,0,0,0,0,1.0
0,1,0,1,1,1.0
0,0,0,0,0,1.0
0,0,0,0,0,1.0
0,0,0,0,0,1.0
0,0,0,0,0,1.0
0,0,0,0,0,1.0
0,0,0,0,0,1.0
0,0,0,0,0,1.0
0,0,0,0,0,1.0
0,0,0,0,0,1.0
0,0,0,0,0,1.0
0,0,0,0,0,1.0
0,0,0,0,0,1.0
0,0,0,0,0,1.0
0,0,0,0,0,1.0
0,0,0,0,0,1.0
0,0,0,0,0,1.0
0,0,0,0,0,1.0
0,0,0,0,0,1.0
0,0,0,0,0,1.0
0,0,0,0,0,1.0
0,0,0,0,0,1.0
0,0,0,0,0,1.0
0,0,0,0,0,1.0
0,0,0,0,0,1.0
0,0,0,0,0,1.0
0,0,0,0,0,1.0
0,0,0,0,0,1.0
0,0,0,0,0,1.0
0,0,0,0,0,1.0
0,0,0,0,0,1.0
0,0,0,0,0,1.0
0,0,0,0,0,1.0
0,0,0,0,0,1.0
0,0,0,0,0,1.0
0,0,0,0,0,1.0
0,0,0,0,0,1.0
0,0,0,0,0,1.0
0,0,0,0,0,1.0
0,0,0,0,0,1.0
0,0,0,0,0,1.0
0,0,0,0,0,1.0
0,0,0,0,0,1.0
0,0,0,0,0,1.0
0,0,0,0,0,1.0
0,0,0,0,0,1.0
0,0,0,0,0,1.0
0,0,0,0,0,1.0
0,0,0,0,0,1.0
0,0,0,0,0,1.0
0,0,0,0,0,1.0
0,0,0,0,0,1.0
0,0,0,0,0,1.0
0,0,0,0,0,1.0
0,0,0,0,0,1.0
0,0,0,0,0,1.0
0,0,0,0,0,1.0
0,0,0,0,0,1.0
0,0,0,0,0,1.0
0,0,0,0,0,1.0
0,0,0,0,0,1.0
0,0,0,0,0,1.0
0,0,0,0,0,1.0
0,0,0,0,0,1.0
0,0,0,0,0,1.0
0,0,0,0,0,1.0
0,0,0,0,0,1.0
0,0,0,0,0,1.0
0,0,0,0,0,1.0
0,0,0,0,0,1.0
0,0,0,0,0,1.0
0,0,0,0,0,1.0
0,0,0,0,0,1.0
0,0,0,0,0,1.0
0,0,0,0,0,1.0
0,0,0,0,0,1.0
0,0,0,0,0,1.0
0,0,0,0,0,1.0
0,0,0,0,0,1.0
0,0,0,0,0,1.0
0,0,0,0,0,1.0
0,0,0,0,0,1.0
0,0,0,0,0,1.0
0,0,0,0,0,1.0
0,0,0,0,0,1.0
0,0,0,0,0,1.0
0,0,0,0,0,1.0
0,0,0,0,0,1.0
0,0,0,0,0,1.0
0,0,0,0,0,1.0
0,0,0,0,0,1.0
0,0,0,0,0,1.0
0,0,0,0,0,1.0
0,0,0,0,0,1.0
0,0,0,0,0,1.0
0,0,0,0,0,1.0
0,0,0,0,0,1.0
0,0,0,0,0,1.0
0,0,0,0,0,1.0
0,0,0,0,0,1.0
0,0,0,0,0,1.0
0,0,0,0,0,1.0
0,0,0,0,0,1.0
0,0,0,0,0,1.0
0,0,0,0,0,1.0
0,0,0,0,0,1.0
0,0,0,0,0,1.0
0,0,0,0,0,1.0
0,0,0,0,0,1.0
0,0,0,0,0,1.0
0,0,0,0,0,1.0
1,1,1,1,1,1.0
0,0,0,0,0,1.0
0,0,0,0,0,1.0
0,0,0,0,0,1.0
0,0,0,0,0,1.0
0,0,0,0,0,1.0
0,0,0,0,0,1.0
0,0,0,0,0,1.0
0,0,0,0,0,1.0
0,0,0,0,0,1.0
0,0,0,0,0,1.0
0,0,0,0,0,1.0
0,0,0,0,0,1.0
0,0,0,0,0,1.0
0,0,0,0,0,1.0
0,0,0,0,0,1.0
0,0,0,0,0,1.0
0,0,0,0,0,1.0
0,0,0,0,0,1.0
0,0,0,0,0,1.0
0,0,0,0,0,1.0
0,0,0,0,0,1.0
0,0,0,0,0,1.0
0,0,0,0,0,1.0
0,0,0,0,0,1.0
0,0,0,0,0,1.0
0,0,0,0,0,1.0
0,0,0,0,0,1.0
0,0,0,0,0,1.0
0,0,0,0,0,1.0
0,0,0,0,0,1.0
0,0,0,0,0,1.0
0,0,0,0,0,1.0
0,0,0,0,0,1.0
0,0,0,0,0,1.0
0,0,0,0,0,1.0
0,0,0,0,0,1.0
0,0,0,0,0,1.0
0,0,0,0,0,1.0
0,0,0,0,0,1.0
0,0,0,0,0,1.0
0,0,0,0,0,1.0
0,0,0,0,0,1.0
0,0,0,0,0,1.0
0,0,0,0,0,1.0
0,0,0,0,0,1.0
1,1,1,1,1,1.0
0,0,0,0,0,1.0
0,0,0,0,0,1.0
0,0,0,0,0,1.0
0,0,0,0,0,1.0
0,0,0,0,0,1.0
0,0,0,0,0,1.0
0,0,0,0,0,1.0
0,0,0,0,0,1.0
0,0,0,0,0,1.0
0,0,0,0,0,1.0
0,0,0,0,0,1.0
0,0,0,0,0,1.0
0,0,0,0,0,1.0
0,0,0,0,0,1.0
0,0,0,0,0,1.0
0,0,0,0,0,1.0
0,0,0,0,0,1.0
0,0,0,0,0,1.0
0,0,0,0,0,1.0
0,0,0,0,0,1.0
0,0,0,0,0,1.0
0,0,0,0,0,1.0
0,0,0,0,0,1.0
0,0,0,0,0,1.0
0,0,0,0,0,1.0
0,0,0,0,0,1.0
0,1,1,0,0,1.0
0,0,0,0,0,1.0
0,0,0,0,0,1.0
0,0,0,0,0,1.0
0,0,0,0,0,1.0
0,0,0,0,0,1.0
0,0,0,0,0,1.0
0,0,0,0,0,1.0
0,0,0,0,0,1.0
0,0,0,0,0,1.0
0,0,0,0,0,1.0
0,0,0,0,0,1.0
0,0,0,0,0,1.0
0,0,0,0,0,1.0
0,0,0,0,0,1.0
0,0,0,0,0,1.0
0,0,0,0,0,1.0
0,0,0,0,0,1.0
0,0,0,0,0,1.0
0,0,0,0,0,1.0
0,0,0,0,0,1.0
0,0,0,0,0,1.0
0,0,0,0,0,1.0
0,0,0,0,0,1.0
0,0,0,0,0,1.0
0,0,0,0,0,1.0
0,0,0,0,0,1.0
0,0,0,0,0,1.0
0,0,0,0,0,1.0
0,0,0,0,0,1.0
0,0,0,0,0,1.0
0,0,0,0,0,1.0
0,0,0,0,0,1.0
0,0,0,0,0,1.0
0,0,0,0,0,1.0
0,0,0,0,0,1.0
0,0,0,0,0,1.0
0,0,0,0,0,1.0
0,0,0,0,0,1.0
1,1,1,1,1,1.0
0,0,0,0,0,1.0
0,0,0,0,0,1.0
0,0,0,0,0,1.0
0,0,0,0,0,1.0
0,0,0,0,0,1.0
0,0,0,0,0,1.0
0,0,0,0,0,1.0
0,0,0,0,0,1.0
1,0,1,0,0,1.0
0,0,0,0,0,1.0
0,0,0,0,0,1.0
0,0,0,0,0,1.0
0,0,0,0,0,1.0
0,0,0,0,0,1.0
0,0,0,0,0,1.0
0,0,0,0,0,1.0
0,0,0,0,0,1.0
0,0,0,0,0,1.0
0,0,0,0,0,1.0
0,0,0,0,0,1.0
0,0,0,0,0,1.0
0,0,0,0,0,1.0
0,0,0,0,0,1.0
0,0,0,0,0,1.0
0,0,0,0,0,1.0
0,0,0,0,0,1.0
0,0,0,0,0,1.0
0,0,0,0,0,1.0
0,0,0,0,0,1.0
0,0,0,0,0,1.0
0,0,0,0,0,1.0
0,0,0,0,0,1.0
0,0,0,0,0,1.0
0,0,0,0,0,1.0
0,0,0,0,0,1.0
0,0,0,0,0,1.0
0,0,0,0,0,1.0
0,0,0,0,0,1.0
0,0,0,0,0,1.0
0,0,0,0,0,1.0
0,0,0,0,0,1.0
0,0,0,0,0,1.0
0,0,0,0,0,1.0
1,1,1,1,1,1.0
0,0,0,0,0,1.0
0,0,0,0,0,1.0
0,0,0,0,0,1.0
0,0,0,0,0,1.0
0,0,0,0,0,1.0
0,0,0,0,0,1.0
0,0,0,0,0,1.0
0,0,0,0,0,1.0
0,0,0,0,0,1.0
0,0,0,0,0,1.0
0,0,0,0,0,1.0
0,0,0,0,0,1.0
0,0,0,0,0,1.0
0,0,0,0,0,1.0
0,0,0,0,0,1.0
0,0,0,0,0,1.0
0,0,0,0,0,1.0
0,0,0,0,0,1.0
0,0,0,0,0,1.0
0,0,0,0,0,1.0
0,0,1,0,0,1.0
0,0,0,0,0,1.0
0,0,0,0,0,1.0
0,0,0,0,0,1.0
0,0,0,0,0,1.0
0,0,0,0,0,1.0
0,0,0,0,0,1.0
0,0,0,0,0,1.0
0,0,0,0,0,1.0
0,0,0,0,0,1.0
0,0,0,0,0,1.0
0,0,0,0,0,1.0
0,0,0,0,0,1.0
0,0,0,0,0,1.0
0,0,0,0,0,1.0
0,0,0,0,0,1.0
0,0,0,0,0,1.0
0,0,0,0,0,1.0
0,0,0,0,0,1.0
0,0,0,0,0,1.0
0,0,0,0,0,1.0
0,0,0,0,0,1.0
0,0,0,0,0,1.0
0,0,0,0,0,1.0
0,0,0,0,0,1.0
0,0,0,0,0,1.0
0,0,0,0,0,1.0
0,0,0,0,0,1.0
0,0,0,0,0,1.0
0,0,0,0,0,1.0
0,0,0,0,0,1.0
0,0,0,0,0,1.0
0,0,0,0,0,1.0
0,0,0,0,0,1.0
0,0,0,0,0,1.0
0,0,0,0,0,1.0
0,0,0,0,0,1.0
0,0,0,0,0,1.0
0,0,0,0,0,1.0
0,0,0,0,0,1.0
0,0,0,0,0,1.0
0,0,0,0,0,1.0
0,0,0,0,0,1.0
0,0,0,0,0,1.0
0,0,0,0,0,1.0
0,0,0,0,0,1.0
0,0,0,0,0,1.0
0,0,0,0,0,1.0
0,0,0,0,0,1.0
0,0,0,0,0,1.0
0,0,0,0,0,1.0
0,0,0,0,0,1.0
0,0,0,0,0,1.0
0,0,0,0,0,1.0
0,0,0,0,0,1.0
0,0,0,0,0,1.0
0,0,0,0,0,1.0
0,0,0,0,0,1.0
0,0,0,0,0,1.0
0,0,0,0,0,1.0
0,0,0,0,0,1.0
0,0,0,0,0,1.0
0,0,0,0,0,1.0
0,0,0,0,0,1.0
0,0,0,0,0,1.0
0,0,0,0,0,1.0
0,0,0,0,0,1.0
0,0,0,0,0,1.0
0,0,0,0,0,1.0
0,0,0,0,0,1.0
0,0,0,0,0,1.0
0,0,0,0,0,1.0
0,0,0,0,0,1.0
0,0,0,0,0,1.0
0,0,0,0,0,1.0
0,0,0,0,0,1.0
0,0,0,0,0,1.0
0,0,0,0,0,1.0
0,0,0,0,0,1.0
0,0,0,0,0,1.0
0,0,0,0,0,1.0
0,0,0,0,0,1.0
0,0,0,0,0,1.0
0,0,0,0,0,1.0
0,0,0,0,0,1.0
0,0,0,0,0,1.0
0,0,0,0,0,1.0
0,0,0,0,0,1.0
0,0,0,0,0,1.0
0,0,0,0,0,1.0
0,0,0,0,0,1.0
0,0,0,0,0,1.0
0,0,0,0,0,1.0
0,0,0,0,0,1.0
0,0,0,0,0,1.0
0,0,0,0,0,1.0
0,0,0,0,0,1.0
0,0,0,0,0,1.0
0,0,0,0,0,1.0
1,1,0,1,1,1.0
0,0,0,0,0,1.0
0,0,0,0,0,1.0
0,0,0,0,0,1.0
0,0,0,0,0,1.0
0,0,0,0,0,1.0
0,0,0,0,0,1.0
0,0,0,0,0,1.0
0,0,0,0,0,1.0
0,0,0,0,0,1.0
0,0,0,0,0,1.0
0,0,0,0,0,1.0
0,0,0,0,0,1.0
0,0,0,0,0,1.0
0,0,0,0,0,1.0
0,0,0,0,0,1.0
0,0,0,0,0,1.0
0,0,0,0,0,1.0
0,0,0,0,0,1.0
0,0,0,0,0,1.0
0,0,0,0,0,1.0
0,0,0,0,0,1.0
0,0,0,0,0,1.0
0,0,0,0,0,1.0
0,0,0,0,0,1.0
0,0,0,0,0,1.0
0,0,0,0,0,1.0
0,0,0,0,0,1.0
0,0,0,0,0,1.0
0,0,0,0,0,1.0
0,0,0,0,0,1.0
0,0,0,0,0,1.0
0,0,0,0,0,1.0
0,0,0,0,0,1.0
0,0,0,0,0,1.0
0,0,0,0,0,1.0
0,0,0,0,0,1.0
0,0,0,0,0,1.0
0,0,0,0,0,1.0
0,0,0,0,0,1.0
0,0,0,0,0,1.0
0,0,0,0,0,1.0
0,0,0,0,0,1.0
0,0,0,0,0,1.0
0,0,0,0,0,1.0
0,0,0,0,0,1.0
0,0,0,0,0,1.0
0,0,0,0,0,1.0
0,0,0,0,0,1.0
0,0,0,0,0,1.0
0,0,0,0,0,1.0
0,0,0,0,0,1.0
0,0,0,0,0,1.0
0,0,0,0,0,1.0
0,0,0,0,0,1.0
0,0,0,0,0,1.0
0,0,0,0,0,1.0
0,0,0,0,0,1.0
0,0,0,0,0,1.0
0,0,0,0,0,1.0
0,0,0,0,0,1.0
0,0,1,0,0,1.0
0,0,0,0,0,1.0
0,0,0,0,0,1.0
0,0,0,0,0,1.0
0,0,0,0,0,1.0
0,0,0,0,0,1.0
0,0,0,0,0,1.0
0,0,0,0,0,1.0
0,0,0,0,0,1.0
0,0,0,0,0,1.0
0,0,0,0,0,1.0
0,0,0,0,0,1.0
0,0,0,0,0,1.0
0,0,0,0,0,1.0
0,0,0,0,0,1.0
0,0,0,0,0,1.0
0,0,0,0,0,1.0
0,0,0,0,0,1.0
0,0,0,0,0,1.0
0,0,0,0,0,1.0
0,1,0,1,1,1.0
0,0,0,0,0,1.0
0,0,0,0,0,1.0
0,0,0,0,0,1.0
0,0,0,0,0,1.0
0,0,0,0,0,1.0
0,0,0,0,0,1.0
0,0,0,0,0,1.0
0,0,0,0,0,1.0
0,0,0,0,0,1.0
0,0,0,0,0,1.0
0,0,0,0,0,1.0
0,0,0,0,0,1.0
0,0,0,0,0,1.0
0,0,0,0,0,1.0
0,0,0,0,0,1.0
0,0,0,0,0,1.0
0,0,0,0,0,1.0
0,0,0,0,0,1.0
0,0,0,0,0,1.0
0,0,0,0,0,1.0
0,0,0,0,0,1.0
0,0,0,0,0,1.0
0,0,0,0,0,1.0
0,0,0,0,0,1.0
0,0,0,0,0,1.0
0,0,0,0,0,1.0
0,0,0,0,0,1.0
0,0,0,0,0,1.0
0,0,0,0,0,1.0
0,0,0,0,0,1.0
0,0,0,0,0,1.0
0,0,0,0,0,1.0
0,0,0,0,0,1.0
0,0,0,0,0,1.0
0,0,0,0,0,1.0
0,0,0,0,0,1.0
0,0,0,0,0,1.0
0,0,0,0,0,1.0
0,0,0,0,0,1.0
0,0,0,0,0,1.0
0,0,0,0,0,1.0
0,0,0,0,0,1.0
0,0,0,0,0,1.0
0,0,0,0,0,1.0
0,0,0,0,0,1.0
0,0,0,0,0,1.0
0,0,0,0,0,1.0
0,0,0,0,0,1.0
0,0,0,0,0,1.0
0,0,0,0,0,1.0
0,0,0,0,0,1.0
0,0,0,0,0,1.0
0,0,0,0,0,1.0
0,0,0,0,0,1.0
0,0,0,0,0,1.0
0,0,0,0,0,1.0
0,0,0,0,0,1.0
0,0,0,0,0,1.0
0,0,0,0,0,1.0
0,0,0,0,0,1.0
0,0,0,0,0,1.0
0,0,0,0,0,1.0
0,0,0,0,0,1.0
0,0,0,0,0,1.0
0,0,0,0,0,1.0
0,0,0,0,0,1.0
0,0,0,0,0,1.0
0,0,0,0,0,1.0
0,0,0,0,0,1.0
0,0,0,0,0,1.0
0,0,0,0,0,1.0
0,0,0,0,0,1.0
0,0,0,0,0,1.0
0,0,0,0,0,1.0
0,0,0,0,0,1.0
0,0,0,0,0,1.0
0,0,0,0,0,1.0
0,0,0,0,0,1.0
0,0,0,0,0,1.0
0,0,0,0,0,1.0
0,0,0,0,0,1.0
0,0,0,0,0,1.0
0,0,0,0,0,1.0
0,0,0,0,0,1.0
0,0,0,0,0,1.0
0,0,0,0,0,1.0
0,0,0,0,0,1.0
0,0,0,0,0,1.0
0,0,0,0,0,1.0
0,0,0,0,0,1.0
0,0,0,0,0,1.0
0,0,0,0,0,1.0
0,0,0,0,0,1.0
0,0,0,0,0,1.0
0,0,0,0,0,1.0
0,0,0,0,0,1.0
0,0,0,0,0,1.0
0,0,0,0,0,1.0
0,0,0,0,0,1.0
0,0,0,0,0,1.0
0,0,0,0,0,1.0
0,0,0,0,0,1.0
0,0,0,0,0,1.0
0,0,0,0,0,1.0
0,0,0,0,0,1.0
0,0,0,0,0,1.0
0,0,0,0,0,1.0
0,0,0,0,0,1.0
0,0,0,0,0,1.0
0,0,0,0,0,1.0
0,0,0,0,0,1.0
0,0,0,0,0,1.0
0,0,0,0,0,1.0
0,0,0,0,0,1.0
0,0,0,0,0,1.0
0,0,0,0,0,1.0
0,0,0,0,0,1.0
0,0,0,0,0,1.0
0,0,0,0,0,1.0
0,0,0,0,0,1.0
0,0,0,0,0,1.0
0,0,0,0,0,1.0
0,0,0,0,0,1.0
0,0,0,0,0,1.0
0,0,0,0,0,1.0
0,0,0,0,0,1.0
0,0,0,0,0,1.0
0,0,0,0,0,1.0
0,0,0,0,0,1.0
0,0,0,0,0,1.0
0,0,0,0,0,1.0
0,0,0,0,0,1.0
0,0,0,0,0,1.0
0,0,0,0,0,1.0
0,0,0,0,0,1.0
0,0,0,0,0,1.0
0,0,0,0,0,1.0
0,0,0,0,0,1.0
0,0,0,0,0,1.0
0,0,0,0,0,1.0
0,0,0,0,0,1.0
0,0,0,0,0,1.0
0,0,0,0,0,1.0
0,0,0,0,0,1.0
0,0,0,0,0,1.0
0,0,0,0,0,1.0
0,0,0,0,0,1.0
0,0,0,0,0,1.0
0,0,0,0,0,1.0
0,0,0,0,0,1.0
0,0,0,0,0,1.0
0,0,0,0,0,1.0
0,0,0,0,0,1.0
0,0,0,0,0,1.0
0,0,0,0,0,1.0
0,0,0,0,0,1.0
0,0,0,0,0,1.0
0,0,0,0,0,1.0
0,0,0,0,0,1.0
0,0,0,0,0,1.0
0,0,0,0,0,1.0
0,0,0,0,0,1.0
0,0,0,0,0,1.0
0,0,0,0,0,1.0
0,0,0,0,0,1.0
0,0,0,0,0,1.0
0,0,0,0,0,1.0
0,0,0,0,0,1.0
0,0,0,0,0,1.0
0,0,0,0,0,1.0
0,0,0,0,0,1.0
0,0,0,0,0,1.0
0,0,0,0,0,1.0
0,0,0,0,0,1.0
0,0,0,0,0,1.0
0,0,0,0,0,1.0
0,0,0,0,0,1.0
0,0,0,0,0,1.0
0,0,0,0,0,1.0
0,0,0,0,0,1.0
0,0,0,0,0,1.0
0,0,0,0,0,1.0
0,0,0,0,0,1.0
0,0,0,0,0,1.0
0,0,0,0,0,1.0
0,0,0,0,0,1.0
0,0,0,0,0,1.0
0,0,0,0,0,1.0
0,0,0,0,0,1.0
0,0,0,0,0,1.0
0,0,0,0,0,1.0
0,0,0,0,0,1.0
0,0,0,0,0,1.0
0,0,0,0,0,1.0
0,0,0,0,0,1.0
0,0,0,0,0,1.0
0,0,0,0,0,1.0
0,0,0,0,0,1.0
0,0,0,0,0,1.0
0,0,0,0,0,1.0
0,0,0,0,0,1.0
0,0,0,0,0,1.0
0,0,0,0,0,1.0
0,0,0,0,0,1.0
0,0,0,0,0,1.0
0,0,0,0,0,1.0
0,0,0,0,0,1.0
0,0,0,0,0,1.0
0,0,0,0,0,1.0
0,0,0,0,0,1.0
0,0,0,0,0,1.0
0,0,0,0,0,1.0
0,0,0,0,0,1.0
0,0,0,0,0,1.0
0,0,0,0,0,1.0
0,0,0,0,0,1.0
0,0,0,0,0,1.0
0,0,0,0,0,1.0
0,0,0,0,0,1.0
0,0,0,0,0,1.0
0,0,0,0,0,1.0
0,0,0,0,0,1.0
0,0,0,0,0,1.0
0,0,0,0,0,1.0
0,0,0,0,0,1.0
0,0,0,0,0,1.0
0,0,0,0,0,1.0
0,0,0,0,0,1.0
0,0,0,0,0,1.0
0,0,0,0,0,1.0
0,0,0,0,0,1.0
0,0,0,0,0,1.0
0,0,0,0,0,1.0
0,0,0,0,0,1.0
0,0,0,0,0,1.0
0,0,0,0,0,1.0
0,0,0,0,0,1.0
0,0,0,0,0,1.0
0,0,0,0,0,1.0
0,0,0,0,0,1.0
0,0,0,0,0,1.0
0,0,0,0,0,1.0
0,0,0,0,0,1.0
0,0,0,0,0,1.0
0,0,0,0,0,1.0
0,0,0,0,0,1.0
0,0,0,0,0,1.0
0,0,0,0,0,1.0
0,0,0,0,0,1.0
0,0,0,0,0,1.0
0,0,0,0,0,1.0
0,0,0,0,0,1.0
0,0,0,0,0,1.0
0,0,0,0,0,1.0
0,0,0,0,0,1.0
0,0,0,0,0,1.0
0,0,0,0,0,1.0
0,0,0,0,0,1.0
0,0,0,0,0,1.0
0,0,0,0,0,1.0
0,0,0,0,0,1.0
0,0,0,0,0,1.0
0,0,0,0,0,1.0
0,0,0,0,0,1.0
0,0,0,0,0,1.0
0,0,0,0,0,1.0
0,0,0,0,0,1.0
0,0,0,0,0,1.0
0,0,0,0,0,1.0
0,0,0,0,0,1.0
0,0,0,0,0,1.0
0,0,0,0,0,1.0
0,0,0,0,0,1.0
0,0,0,0,0,1.0
0,0,0,0,0,1.0
0,0,0,0,0,1.0
0,0,0,0,0,1.0
0,0,0,0,0,1.0
0,0,0,0,0,1.0
0,0,0,0,0,1.0
0,0,0,0,0,1.0
0,0,0,0,0,1.0
0,0,0,0,0,1.0
0,0,0,0,0,1.0
0,0,0,0,0,1.0
0,0,0,0,0,1.0
0,0,0,0,0,1.0
0,0,0,0,0,1.0
0,0,0,0,0,1.0
0,0,0,0,0,1.0
0,0,0,0,0,1.0
0,0,0,0,0,1.0
0,0,0,0,0,1.0
0,0,0,0,0,1.0
0,0,0,0,0,1.0
0,0,0,0,0,1.0
0,0,0,0,0,1.0
0,0,0,0,0,1.0
0,0,0,0,0,1.0
0,0,0,0,0,1.0
0,0,0,0,0,1.0
0,0,0,0,0,1.0
0,0,0,0,0,1.0
0,0,0,0,0,1.0
0,0,0,0,0,1.0
0,0,0,0,0,1.0
0,0,0,0,0,1.0
0,0,0,0,0,1.0
0,0,0,0,0,1.0
0,0,0,0,0,1.0
0,0,0,0,0,1.0
0,0,0,0,0,1.0
0,0,0,0,0,1.0
0,0,0,0,0,1.0
0,0,0,0,0,1.0
0,0,0,0,0,1.0
0,0,0,0,0,1.0
0,0,0,0,0,1.0
0,0,0,0,0,1.0
0,0,0,0,0,1.0
0,0,0,0,0,1.0
0,0,0,0,0,1.0
0,0,0,0,0,1.0
0,0,0,0,0,1.0
0,0,0,0,0,1.0
0,0,0,0,0,1.0
0,0,0,0,0,1.0
0,0,0,0,0,1.0
0,0,0,0,0,1.0
0,0,0,0,0,1.0
0,0,0,0,0,1.0
0,0,0,0,0,1.0
0,0,0,0,0,1.0
0,0,0,0,0,1.0
0,0,0,0,0,1.0
0,0,0,0,0,1.0
0,0,0,0,0,1.0
0,0,0,0,0,1.0
0,0,0,0,0,1.0
0,0,0,0,0,1.0
0,0,0,0,0,1.0
0,0,0,0,0,1.0
0,0,0,0,0,1.0
0,0,0,0,0,1.0
0,0,0,0,0,1.0
0,0,0,0,0,1.0
0,0,0,0,0,1.0
0,0,0,0,0,1.0
0,0,0,0,0,1.0
0,0,0,0,0,1.0
0,0,0,0,0,1.0
0,0,0,0,0,1.0
0,0,0,0,0,1.0
0,0,0,0,0,1.0
0,0,0,0,0,1.0
0,0,0,0,0,1.0
0,0,0,0,0,1.0
1,0,0,0,0,1.0
0,0,0,0,0,1.0
0,0,0,0,0,1.0
0,0,0,0,0,1.0
0,0,0,0,0,1.0
0,0,0,0,0,1.0
0,0,0,0,0,1.0
0,0,0,0,0,1.0
0,0,0,0,0,1.0
0,0,0,0,0,1.0
0,0,0,0,0,1.0
0,0,0,0,0,1.0
0,0,0,0,0,1.0
0,0,0,0,0,1.0
0,0,0,0,0,1.0
0,0,0,0,0,1.0
0,0,0,0,0,1.0
0,0,0,0,0,1.0
0,0,0,0,0,1.0
0,0,0,0,0,1.0
0,0,0,0,0,1.0
0,0,0,0,0,1.0
0,0,0,0,0,1.0
0,0,0,0,0,1.0
0,0,0,0,0,1.0
0,0,0,0,0,1.0
0,0,0,0,0,1.0
0,0,0,0,0,1.0
0,0,0,0,0,1.0
0,0,0,0,0,1.0
0,0,0,0,0,1.0
0,0,0,0,0,1.0
0,0,0,0,0,1.0
0,0,0,0,0,1.0
0,0,0,0,0,1.0
0,0,0,0,0,1.0
0,0,0,0,0,1.0
0,0,0,0,0,1.0
0,0,0,0,0,1.0
0,0,0,0,0,1.0
0,0,0,0,0,1.0
0,0,0,0,0,1.0
0,0,0,0,0,1.0
0,0,0,0,0,1.0
0,0,0,0,0,1.0
0,0,0,0,0,1.0
0,0,0,0,0,1.0
0,0,0,0,0,1.0
0,0,0,0,0,1.0
0,0,0,0,0,1.0
0,0,0,0,0,1.0
0,0,0,0,0,1.0
0,0,0,0,0,1.0
0,0,0,0,0,1.0
0,0,0,0,0,1.0
0,0,0,0,0,1.0
0,0,0,0,0,1.0
0,0,0,0,0,1.0
0,0,0,0,0,1.0
0,0,0,0,0,1.0
0,0,0,0,0,1.0
0,0,0,0,0,1.0
0,0,0,0,0,1.0
0,0,0,0,0,1.0
0,0,0,0,0,1.0
0,0,0,0,0,1.0
0,0,0,0,0,1.0
0,0,0,0,0,1.0
0,0,0,0,0,1.0
0,0,0,0,0,1.0
0,0,0,0,0,1.0
0,0,0,0,0,1.0
0,0,0,0,0,1.0
0,0,0,0,0,1.0
0,0,0,0,0,1.0
0,0,0,0,0,1.0
0,0,0,0,0,1.0
0,0,0,0,0,1.0
0,0,0,0,0,1.0
0,0,0,0,0,1.0
0,0,0,0,0,1.0
0,0,0,0,0,1.0
0,0,0,0,0,1.0
0,0,0,0,0,1.0
0,0,0,0,0,1.0
0,0,0,0,0,1.0
0,0,0,0,0,1.0
0,0,0,0,0,1.0
0,0,0,0,0,1.0
0,0,0,0,0,1.0
0,0,0,0,0,1.0
0,0,0,0,0,1.0
0,0,0,0,0,1.0
0,0,0,0,0,1.0
0,0,0,0,0,1.0
0,0,0,0,0,1.0
0,0,0,0,0,1.0
0,0,0,0,0,1.0
0,0,0,0,0,1.0
0,0,0,0,0,1.0
0,0,0,0,0,1.0
0,0,0,0,0,1.0
0,0,0,0,0,1.0
0,0,0,0,0,1.0
0,0,0,0,0,1.0
0,0,0,0,0,1.0
0,0,0,0,0,1.0
0,0,0,0,0,1.0
0,0,0,0,0,1.0
0,0,0,0,0,1.0
0,0,0,0,0,1.0
0,0,0,0,0,1.0
0,0,0,0,0,1.0
0,0,0,0,0,1.0
0,0,0,0,0,1.0
0,0,0,0,0,1.0
0,0,0,0,0,1.0
0,0,0,0,0,1.0
0,0,0,0,0,1.0
0,0,0,0,0,1.0
0,0,0,0,0,1.0
0,0,0,0,0,1.0
0,0,0,0,0,1.0
0,0,0,0,0,1.0
0,0,0,0,0,1.0
0,0,0,0,0,1.0
0,0,0,0,0,1.0
0,0,0,0,0,1.0
0,0,0,0,0,1.0
0,0,0,0,0,1.0
0,0,0,0,0,1.0
0,0,0,0,0,1.0
0,0,0,0,0,1.0
0,0,0,0,0,1.0
0,0,0,0,0,1.0
0,0,0,0,0,1.0
0,0,0,0,0,1.0
0,0,0,0,0,1.0
0,0,0,0,0,1.0
0,0,0,0,0,1.0
0,0,0,0,0,1.0
0,0,0,0,0,1.0
0,0,0,0,0,1.0
0,0,0,0,0,1.0
0,0,0,0,0,1.0
0,0,0,0,0,1.0
0,0,0,0,0,1.0
0,0,0,0,0,1.0
0,0,0,0,0,1.0
0,0,0,0,0,1.0
0,0,0,0,0,1.0
0,0,0,0,0,1.0
0,0,0,0,0,1.0
0,0,0,0,0,1.0
0,0,0,0,0,1.0
0,0,0,0,0,1.0
0,0,0,0,0,1.0
0,0,0,0,0,1.0
0,0,0,0,0,1.0
0,0,0,0,0,1.0
0,0,0,0,0,1.0
0,0,0,0,0,1.0
0,0,0,0,0,1.0
0,0,0,0,0,1.0
0,0,0,0,0,1.0
0,0,0,0,0,1.0
0,0,0,0,0,1.0
0,0,0,0,0,1.0
0,0,0,0,0,1.0
0,0,0,0,0,1.0
0,0,0,0,0,1.0
0,0,0,0,0,1.0
0,0,0,0,0,1.0
0,0,0,0,0,1.0
0,0,0,0,0,1.0
0,0,0,0,0,1.0
0,0,0,0,0,1.0
0,0,0,0,0,1.0
0,0,0,0,0,1.0
0,0,0,0,0,1.0
0,0,0,0,0,1.0
0,0,0,0,0,1.0
0,0,0,0,0,1.0
0,0,0,0,0,1.0
0,0,0,0,0,1.0
0,0,0,0,0,1.0
0,0,0,0,0,1.0
0,0,0,0,0,1.0
0,0,0,0,0,1.0
0,0,0,0,0,1.0
0,0,0,0,0,1.0
0,0,0,0,0,1.0
0,0,0,0,0,1.0
0,0,0,0,0,1.0
0,0,0,0,0,1.0
0,0,0,0,0,1.0
0,0,0,0,0,1.0
0,0,0,0,0,1.0
0,0,0,0,0,1.0
0,0,0,0,0,1.0
0,0,0,0,0,1.0
0,0,0,0,0,1.0
0,0,0,0,0,1.0
0,0,0,0,0,1.0
0,0,0,0,0,1.0
0,0,0,0,0,1.0
0,0,0,0,0,1.0
0,0,0,0,0,1.0
0,0,0,0,0,1.0
0,0,0,0,0,1.0
0,0,0,0,0,1.0
0,0,0,0,0,1.0
0,0,0,0,0,1.0
0,0,0,0,0,1.0
0,0,0,0,0,1.0
0,0,0,0,0,1.0
0,0,0,0,0,1.0
0,0,0,0,0,1.0
0,0,0,0,0,1.0
0,0,0,0,0,1.0
0,0,0,0,0,1.0
0,0,0,0,0,1.0
0,0,0,0,0,1.0
0,0,0,0,0,1.0
0,0,0,0,0,1.0
0,0,0,0,0,1.0
0,0,0,0,0,1.0
0,0,0,0,0,1.0
0,0,0,0,0,1.0
0,0,0,0,0,1.0
0,0,0,0,0,1.0
0,0,0,0,0,1.0
0,0,0,0,0,1.0
0,0,0,0,0,1.0
0,0,0,0,0,1.0
0,0,0,0,0,1.0
0,0,0,0,0,1.0
0,0,0,0,0,1.0
0,0,0,0,0,1.0
0,0,0,0,0,1.0
0,0,0,0,0,1.0
0,0,0,0,0,1.0
0,0,0,0,0,1.0
0,0,0,0,0,1.0
0,0,0,0,0,1.0
0,0,0,0,0,1.0
0,0,0,0,0,1.0
0,0,0,0,0,1.0
0,0,0,0,0,1.0
0,0,0,0,0,1.0
0,0,0,0,0,1.0
0,0,0,0,0,1.0
0,0,0,0,0,1.0
0,0,0,0,0,1.0
0,0,0,0,0,1.0
0,0,0,0,0,1.0
0,0,0,0,0,1.0
0,0,0,0,0,1.0
0,0,0,0,0,1.0
0,0,0,0,0,1.0
0,0,0,0,0,1.0
0,0,0,0,0,1.0
0,0,0,0,0,1.0
0,0,0,0,0,1.0
0,0,0,0,0,1.0
0,0,0,0,0,1.0
0,0,0,0,0,1.0
0,0,0,0,0,1.0
0,0,0,0,0,1.0
0,0,0,0,0,1.0
0,0,0,0,0,1.0
0,0,0,0,0,1.0
0,0,0,0,0,1.0
0,0,0,0,0,1.0
0,0,0,0,0,1.0
0,0,0,0,0,1.0
0,0,0,0,0,1.0
0,0,0,0,0,1.0
0,0,0,0,0,1.0
0,0,0,0,0,1.0
0,0,0,0,0,1.0
0,0,0,0,0,1.0
0,0,0,0,0,1.0
0,0,0,0,0,1.0
0,0,0,0,0,1.0
0,0,0,0,0,1.0
0,0,0,0,0,1.0
0,0,0,0,0,1.0
0,0,0,0,0,1.0
0,0,0,0,0,1.0
0,0,0,0,0,1.0
0,0,0,0,0,1.0
0,0,0,0,0,1.0
0,0,0,0,0,1.0
0,0,0,0,0,1.0
0,0,0,0,0,1.0
0,0,0,0,0,1.0
0,0,0,0,0,1.0
0,0,0,0,0,1.0
0,0,0,0,0,1.0
0,0,0,0,0,1.0
0,0,0,0,0,1.0
0,0,0,0,0,1.0
0,0,0,0,0,1.0
0,0,0,0,0,1.0
0,0,0,0,0,1.0
0,0,0,0,0,1.0
0,0,0,0,0,1.0
0,0,0,0,0,1.0
0,0,0,0,0,1.0
0,0,0,0,0,1.0
0,0,0,0,0,1.0
0,0,0,0,0,1.0
0,0,0,0,0,1.0
0,0,0,0,0,1.0
0,0,0,0,0,1.0
0,0,0,0,0,1.0
0,0,0,0,0,1.0
0,0,0,0,0,1.0
0,0,0,0,0,1.0
0,0,0,0,0,1.0
0,0,0,0,0,1.0
0,0,0,0,0,1.0
0,0,0,0,0,1.0
0,0,0,0,0,1.0
0,0,0,0,0,1.0
0,0,0,0,0,1.0
0,0,0,0,0,1.0
0,0,0,0,0,1.0
0,0,0,0,0,1.0
0,0,0,0,0,1.0
0,0,0,0,0,1.0
0,0,0,0,0,1.0
0,0,0,0,0,1.0
0,0,0,0,0,1.0
0,0,0,0,0,1.0
0,0,0,0,0,1.0
0,0,0,0,0,1.0
0,0,0,0,0,1.0
0,0,0,0,0,1.0
0,0,0,0,0,1.0
0,0,0,0,0,1.0
0,0,0,0,0,1.0
0,0,0,0,0,1.0
0,0,0,0,0,1.0
0,0,0,0,0,1.0
0,0,0,0,0,1.0
0,0,0,0,0,1.0
0,0,0,0,0,1.0
0,0,0,0,0,1.0
0,0,0,0,0,1.0
0,0,0,0,0,1.0
0,0,0,0,0,1.0
0,0,0,0,0,1.0
0,0,0,0,0,1.0
0,0,0,0,0,1.0
0,0,0,0,0,1.0
0,0,0,0,0,1.0
0,0,0,0,0,1.0
0,0,0,0,0,1.0
0,0,0,0,0,1.0
0,0,0,0,0,1.0
0,0,0,0,0,1.0
0,0,0,0,0,1.0
0,0,0,0,0,1.0
0,0,0,0,0,1.0
0,0,0,0,0,1.0
0,0,0,0,0,1.0
0,0,0,0,0,1.0
0,0,0,0,0,1.0
0,0,0,0,0,1.0
0,0,0,0,0,1.0
0,0,0,0,0,1.0
0,0,0,0,0,1.0
0,0,0,0,0,1.0
0,0,0,0,0,1.0
0,0,0,0,0,1.0
0,0,0,0,0,1.0
0,0,0,0,0,1.0
0,0,0,0,0,1.0
0,0,0,0,0,1.0
0,0,0,0,0,1.0
0,0,0,0,0,1.0
0,0,0,0,0,1.0
0,0,0,0,0,1.0
0,0,0,0,0,1.0
0,0,0,0,0,1.0
0,0,0,0,0,1.0
0,0,0,0,0,1.0
0,0,0,0,0,1.0
0,0,0,0,0,1.0
0,0,0,0,0,1.0
0,0,0,0,0,1.0
0,0,0,0,0,1.0
0,0,0,0,0,1.0
0,0,0,0,0,1.0
0,0,0,0,0,1.0
0,0,0,0,0,1.0
0,0,0,0,0,1.0
0,0,0,0,0,1.0
0,0,0,0,0,1.0
0,0,0,0,0,1.0
0,0,0,0,0,1.0
0,0,0,0,0,1.0
0,0,0,0,0,1.0
0,0,0,0,0,1.0
0,0,0,0,0,1.0
0,0,0,0,0,1.0
0,0,0,0,0,1.0
0,0,0,0,0,1.0
0,0,0,0,0,1.0
0,0,0,0,0,1.0
0,0,0,0,0,1.0
0,0,0,0,0,1.0
0,0,0,0,0,1.0
0,0,0,0,0,1.0
0,0,0,0,0,1.0
0,0,0,0,0,1.0
0,0,0,0,0,1.0
0,0,0,0,0,1.0
0,0,0,0,0,1.0
0,0,0,0,0,1.0
0,0,0,0,0,1.0
0,0,0,0,0,1.0
0,0,0,0,0,1.0
0,0,0,0,0,1.0
0,0,0,0,0,1.0
0,0,0,0,0,1.0
0,0,0,0,0,1.0
0,0,0,0,0,1.0
0,0,0,0,0,1.0
0,0,0,0,0,1.0
